-- MySQL dump 10.13  Distrib 5.7.22, for Linux (x86_64)
--
-- Host: localhost    Database: hbnb_dev_db
-- -----------------------------------------------------------------
-- Server version	5.7.22

/*!40101 SET @OLD_CHARACTER_SET_CLIENT=@@CHARACTER_SET_CLIENT */;
/*!40101 SET @OLD_CHARACTER_SET_RESULTS=@@CHARACTER_SET_RESULTS */;
/*!40101 SET @OLD_COLLATION_CONNECTION=@@COLLATION_CONNECTION */;
/*!40101 SET NAMES utf8 */;
/*!40103 SET @OLD_TIME_ZONE=@@TIME_ZONE */;
/*!40103 SET TIME_ZONE='+00:00' */;
/*!40014 SET @OLD_UNIQUE_CHECKS=@@UNIQUE_CHECKS, UNIQUE_CHECKS=0 */;
/*!40014 SET @OLD_FOREIGN_KEY_CHECKS=@@FOREIGN_KEY_CHECKS, FOREIGN_KEY_CHECKS=0 */;
/*!40101 SET @OLD_SQL_MODE=@@SQL_MODE, SQL_MODE='NO_AUTO_VALUE_ON_ZERO' */;
/*!40111 SET @OLD_SQL_NOTES=@@SQL_NOTES, SQL_NOTES=0 */;

-- Drop database
DROP DATABASE IF EXISTS hbnb_dev_db;

-- Create database + user if doesn't exist
CREATE DATABASE IF NOT EXISTS hbnb_dev_db;
CREATE USER IF NOT EXISTS 'hbnb_dev'@'localhost';
ALTER USER 'hbnb_dev'@'localhost' IDENTIFIED BY 'hbnb_dev_pwd';
GRANT ALL ON hbnb_dev_db.* TO 'hbnb_dev'@'localhost';
FLUSH PRIVILEGES;

USE hbnb_dev_db;

--
-- Table structure for table `amenities`
--

DROP TABLE IF EXISTS `amenities`;
/*!40101 SET @saved_cs_client     = @@character_set_client */;
/*!40101 SET character_set_client = utf8 */;
CREATE TABLE `amenities` (
  `id` varchar(60) NOT NULL,
  `created_at` datetime NOT NULL DEFAULT CURRENT_TIMESTAMP,
  `updated_at` datetime NOT NULL DEFAULT CURRENT_TIMESTAMP,
  `name` varchar(128) NOT NULL,
  PRIMARY KEY (`id`)
) ENGINE=InnoDB DEFAULT CHARSET=latin1;
/*!40101 SET character_set_client = @saved_cs_client */;

--
-- Dumping data for table `amenities`
--

/*!40000 ALTER TABLE `amenities` DISABLE KEYS */;
INSERT INTO `amenities` VALUES ('017ec502-e84a-4a0f-92d6-d97e27bb6bdf','2017-03-25 02:17:06','2017-03-25 02:17:06','Cable TV'),('0d375b05-5ef9-4d43-aaca-436762bb25bf','2017-03-25 02:17:06','2017-03-25 02:17:06','Lockbox'),('12e9ccb4-03e4-4f82-ac3d-4fc7e3ebfbfe','2017-03-25 02:17:06','2017-03-25 02:17:06','Internet'),('1e0f976d-beef-497b-b29c-b4a25d1c071a','2017-03-25 02:17:06','2017-03-25 02:17:06','Other pet(s)'),('20f281b1-2cd1-4e36-a7c7-d1062ff16bcd','2017-03-25 02:17:06','2017-03-25 02:17:06','Smartlock'),('28ff856a-2cfb-44df-91b8-1285914553c8','2017-03-25 02:17:06','2017-03-25 02:17:06','Private living room'),('2a98b8af-1cd7-4236-a99e-7200c992fad7','2017-03-25 02:17:06','2017-03-25 02:17:06','Pets live on this property'),('2c620702-d41c-4732-a1cf-6e40f7877dc3','2017-03-25 02:17:06','2017-03-25 02:17:06','Self Check-In'),('2f055228-5fd3-4b1d-a021-7e4b9b7d70a6','2017-03-25 02:17:06','2017-03-25 02:17:06','TV'),('3e73edf2-c3d6-409f-9202-213df4a7a25a','2017-03-25 02:17:06','2017-03-25 02:17:06','Cat(s)'),('3fccec93-2842-49a0-8fdb-4008af2ef041','2017-03-25 02:17:06','2017-03-25 02:17:06','Hot tub'),('416cddd7-746e-4715-821c-3ad30b9bc3c3','2017-03-25 02:17:06','2017-03-25 02:17:06','Gym'),('43d414fb-0fff-4ea9-8c44-3819ec041c9b','2017-03-25 02:17:06','2017-03-25 02:17:06','Essentials'),('43de9883-8b2d-44dc-81d3-8b719ea50734','2017-03-25 02:17:06','2017-03-25 02:17:06','Heating'),('47327246-6852-4c70-b3db-77077ab61a32','2017-03-25 02:17:06','2017-03-25 02:17:06','Family/kid friendly'),('49fcaedc-481a-4e05-934f-4867988c8ec5','2017-03-25 02:17:06','2017-03-25 02:17:06','Wireless Internet'),('4a0a3fa7-21a0-411a-bb0a-9b4eed1901ef','2017-03-25 02:17:06','2017-03-25 02:17:06','Pets allowed'),('4e320c4e-deb6-4ccb-b45e-b77a5df3ff40','2017-03-25 02:17:06','2017-03-25 02:17:06','Kitchen'),('5429dc8c-799d-4555-98c6-f2d714a9fe50','2017-03-25 02:17:06','2017-03-25 02:17:06','Doorman Entry'),('6b9c3987-a344-4baf-8d11-077d719688ba','2017-03-25 02:17:06','2017-03-25 02:17:06','Lock on bedroom door'),('6dd36c9f-9863-4850-a810-a7629fe07d72','2017-03-25 02:17:06','2017-03-25 02:17:06','Washer'),('6f8987f8-7354-4770-8774-4f5e25acb173','2017-03-25 02:17:06','2017-03-25 02:17:06','Wheelchair accessible'),('79f2ca91-dc2b-44cb-9e08-f43c1a9d6d54','2017-03-25 02:17:06','2017-03-25 02:17:06','Elevator in building'),('7ae79c7e-955f-474a-bbdc-f05d4229fcd2','2017-03-25 02:17:06','2017-03-25 02:17:06','Fire extinguisher'),('885a80bf-1a79-431c-a5c7-f05d87c9e159','2017-03-25 02:17:06','2017-03-25 02:17:06','Free parking on premises'),('886e4374-db3d-43dc-9615-ec1c98c15c12','2017-03-25 02:17:06','2017-03-25 02:17:06','24-hour check-in'),('8d5b1bf3-4bd2-4283-86ce-91211fbc788d','2017-03-25 02:17:06','2017-03-25 02:17:06','Keypad'),('919be9d0-5789-4b56-b785-0e4d72ecc8ba','2017-03-25 02:17:06','2017-03-25 02:17:06','Air conditioning'),('92709c8a-65d4-4fb9-811a-f25ef328822e','2017-03-25 02:17:06','2017-03-25 02:17:06','Suitable for events'),('98850f9d-0835-46df-90e3-5fef156724a0','2017-03-25 02:17:06','2017-03-25 02:17:06','Laptop friendly workspace'),('9c54e3ed-48b3-4438-bb2c-304e14a9bde4','2017-03-25 02:17:06','2017-03-25 02:17:06','Breakfast'),('a6fc4fa4-345b-4c64-aee9-791afaf10f11','2017-03-25 02:17:06','2017-03-25 02:17:06','Smoke detector'),('baf27726-2b9c-4cb4-ad97-2baec4527be6','2017-03-25 02:17:06','2017-03-25 02:17:06','Shampoo'),('c4b9d932-71f4-4f10-9e09-502c3eb67ee2','2017-03-25 02:17:06','2017-03-25 02:17:06','Safety card'),('cb0c9658-79a7-41ac-b816-4201f3e98d80','2017-03-25 02:17:06','2017-03-25 02:17:06','Iron'),('cf701d1a-3c19-4bac-bd99-15321f1140f2','2017-03-25 02:17:06','2017-03-25 02:17:06','Dog(s)'),('d087d6cd-2ded-4bf7-8f32-61612a2da417','2017-03-25 02:17:06','2017-03-25 02:17:06','Hangers'),('d3cb5b63-2f99-4c55-86a7-3127eb4a8128','2017-03-25 02:17:06','2017-03-25 02:17:06','Buzzer/wireless intercom'),('d7275f8c-70e5-4c27-bcd6-aafd5256fccd','2017-03-25 02:17:06','2017-03-25 02:17:06','Carbon monoxide detector'),('dcfb45cc-b170-4ace-97af-9957b564606a','2017-03-25 02:17:06','2017-03-25 02:17:06','Indoor fireplace'),('e7680872-7b76-4565-aa8b-6c3d182caa1c','2017-03-25 02:17:06','2017-03-25 02:17:06','Private entrance'),('ea518e20-3370-4cb3-b38f-df1cccbdd8a9','2017-03-25 02:17:06','2017-03-25 02:17:06','Dryer'),('efafcf4e-59cf-45e2-b8c5-e14ae252ca01','2017-03-25 02:17:06','2017-03-25 02:17:06','Doorman'),('f4dfd576-7c29-4bdf-9fbd-5c95a170ebce','2017-03-25 02:17:06','2017-03-25 02:17:06','Hair dryer'),('f4e98f0a-053a-42e2-9633-0cca2a587410','2017-03-25 02:17:06','2017-03-25 02:17:06','Pool'),('f7a087bb-13e2-463d-a951-b8feb7da899f','2017-03-25 02:17:06','2017-03-25 02:17:06','Smoking allowed'),('f7c854a4-f565-4aa5-8542-c4e17c498ef1','2017-03-25 02:17:06','2017-03-25 02:17:06','First aid kit');
/*!40000 ALTER TABLE `amenities` ENABLE KEYS */;

--
-- Table structure for table `cities`
--

DROP TABLE IF EXISTS `cities`;
/*!40101 SET @saved_cs_client     = @@character_set_client */;
/*!40101 SET character_set_client = utf8 */;
CREATE TABLE `cities` (
  `id` varchar(60) NOT NULL,
  `created_at` datetime NOT NULL DEFAULT CURRENT_TIMESTAMP,
  `updated_at` datetime NOT NULL DEFAULT CURRENT_TIMESTAMP,
  `name` varchar(128) NOT NULL,
  `state_id` varchar(60) NOT NULL,
  PRIMARY KEY (`id`),
  KEY `state_id` (`state_id`),
  CONSTRAINT `cities_ibfk_1` FOREIGN KEY (`state_id`) REFERENCES `states` (`id`)
) ENGINE=InnoDB DEFAULT CHARSET=latin1;
/*!40101 SET character_set_client = @saved_cs_client */;

--
-- Dumping data for table `cities`
--

/*!40000 ALTER TABLE `cities` DISABLE KEYS */;
INSERT INTO `cities` VALUES ('05b0b99c-f10e-4e3a-88d1-b3187d6998ee','2017-03-25 02:17:06','2017-03-25 02:17:06','San Francisco','9799648d-88dc-4e63-b858-32e6531bec5c'),('14e2f358-f8fb-419c-8e8f-0017f971d82d','2017-03-25 02:17:06','2017-03-25 02:17:06','Tempe','459e021a-e794-447d-9dd2-e03b7963f7d2'),('14e49d0b-7363-40e3-8854-a89e96481f67','2017-03-25 02:17:06','2017-03-25 02:17:06','Joliet','d2398800-dd87-482b-be21-50a3063858ad'),('1721b75c-e0b2-46ae-8dd2-f86b62fb46e6','2017-03-25 02:17:06','2017-03-25 02:17:06','Douglas','459e021a-e794-447d-9dd2-e03b7963f7d2'),('1aef765c-3c91-47aa-a716-ffd3b8d748df','2017-03-25 02:17:06','2017-03-25 02:17:06','Kearny','459e021a-e794-447d-9dd2-e03b7963f7d2'),('1da255c0-f023-4779-8134-2b1b40f87683','2017-03-25 02:17:06','2017-03-25 02:17:06','New Orleans','2b9a4627-8a9e-4f32-a752-9a84fa7f4efd'),('3308ceb8-8e99-4abb-9c2a-a6446eaf01f7','2017-03-25 02:17:06','2017-03-25 02:17:06','Fremont','9799648d-88dc-4e63-b858-32e6531bec5c'),('33c525b5-f087-421c-946d-ba8c7a1c2efe','2017-03-25 02:17:06','2017-03-25 02:17:06','San Jose','9799648d-88dc-4e63-b858-32e6531bec5c'),('36bff3a3-e3b3-41b9-a6b5-ab2185a8cdf0','2017-03-25 02:17:06','2017-03-25 02:17:06','Saint Paul','b5fc9076-6c20-44a7-ac9b-97de17112329'),('3ffd4ed8-b645-46bc-8bc3-40c0e51f2b44','2017-03-25 02:17:06','2017-03-25 02:17:06','Jackson','bbee73a7-2f71-47e6-938a-2d9e932d4ff9'),('44e7a911-2c16-4dc0-ad68-9ae0412afc21','2017-03-25 02:17:06','2017-03-25 02:17:06','Pearl city','541bba6e-9543-4b33-8062-77ef26cd9778'),('45903748-fa39-4cd0-8a0b-c62bfe471702','2017-03-25 02:17:06','2017-03-25 02:17:06','Lafayette','2b9a4627-8a9e-4f32-a752-9a84fa7f4efd'),('492cc20d-21b4-474b-a727-e1981cfc49d5','2017-03-25 02:17:06','2017-03-25 02:17:06','Urbana','d2398800-dd87-482b-be21-50a3063858ad'),('4a0c57bb-60da-450c-afcf-c59be4c05e67','2017-03-25 02:17:06','2017-03-25 02:17:06','Chicago','d2398800-dd87-482b-be21-50a3063858ad'),('5481bd82-04ab-4a58-ae01-d67443aec20c','2017-03-25 02:17:06','2017-03-25 02:17:06','Denver','f8d21261-3e79-4f5c-829a-99d7452cd73c'),('5e061866-d4ad-4aa7-befe-2bf5f8698e29','2017-03-25 02:17:06','2017-03-25 02:17:06','Kailua','541bba6e-9543-4b33-8062-77ef26cd9778'),('660c9bbd-76c4-454f-b9a4-87efab0e948f','2017-03-25 02:17:06','2017-03-25 02:17:06','Calera','0e391e25-dd3a-45f4-bce3-4d1dea83f3c7'),('6a1ea750-b16f-4814-ad7e-9f25e3843f53','2017-03-25 02:17:06','2017-03-25 02:17:06','Sonoma','9799648d-88dc-4e63-b858-32e6531bec5c'),('712ffb97-b0eb-42f9-8cb9-69548882ab5d','2017-03-25 02:17:06','2017-03-25 02:17:06','Orlando','5976f0e7-5c5f-4949-aae0-90d68fd239c0'),('79ff14a4-1888-4cd3-8a31-230fa34bfa00','2017-03-25 02:17:06','2017-03-25 02:17:06','Honolulu','541bba6e-9543-4b33-8062-77ef26cd9778'),('94f16095-5ce6-4bec-8114-d1f3fa6f2b16','2017-03-25 02:17:06','2017-03-25 02:17:06','Babbie','0e391e25-dd3a-45f4-bce3-4d1dea83f3c7'),('a5e4fa5a-2a0d-4c7c-b824-d318409e11e8','2017-03-25 02:17:06','2017-03-25 02:17:06','Eugene','10098698-bace-4bfb-8c0a-6bae0f7f5b8f'),('b11616e0-fa23-4939-bd3f-0e178de3530b','2017-03-25 02:17:06','2017-03-25 02:17:06','Portland','10098698-bace-4bfb-8c0a-6bae0f7f5b8f'),('b695fcb4-7e61-420c-aa22-d1651cde13dc','2017-03-25 02:17:06','2017-03-25 02:17:06','Peoria','d2398800-dd87-482b-be21-50a3063858ad'),('c49639ab-d287-40ec-8a31-76b493cd9a3a','2017-03-25 02:17:06','2017-03-25 02:17:06','Meridian','bbee73a7-2f71-47e6-938a-2d9e932d4ff9'),('c5bbe76a-87f0-44f8-8b4d-e805e6cd757c','2017-03-25 02:17:06','2017-03-25 02:17:06','Naperville','d2398800-dd87-482b-be21-50a3063858ad'),('d96b80e3-2c05-4fb6-922e-36643005a530','2017-03-25 02:17:06','2017-03-25 02:17:06','Napa','9799648d-88dc-4e63-b858-32e6531bec5c'),('dacec983-cec4-4f68-bd7f-af9068a305f5','2017-03-25 02:17:06','2017-03-25 02:17:06','Miami','5976f0e7-5c5f-4949-aae0-90d68fd239c0'),('e4e40a6e-59ff-4b4f-ab72-d6d100201588','2017-03-25 02:17:06','2017-03-25 02:17:06','Baton rouge','2b9a4627-8a9e-4f32-a752-9a84fa7f4efd'),('f01c88dc-9f08-4b32-a1c1-625fb1e44972','2017-03-25 02:17:06','2017-03-25 02:17:06','Akron','0e391e25-dd3a-45f4-bce3-4d1dea83f3c7'),('f14fefb3-c6e4-42f6-8a5a-ee704a101f8b','2017-03-25 02:17:06','2017-03-25 02:17:06','Fairfield','0e391e25-dd3a-45f4-bce3-4d1dea83f3c7'),('f3923bdf-81f2-45e9-a5e1-fd128e122d45','2017-03-25 02:17:06','2017-03-25 02:17:06','Tupelo','bbee73a7-2f71-47e6-938a-2d9e932d4ff9');
/*!40000 ALTER TABLE `cities` ENABLE KEYS */;

--
-- Table structure for table `place_amenity`
--

DROP TABLE IF EXISTS `place_amenity`;
/*!40101 SET @saved_cs_client     = @@character_set_client */;
/*!40101 SET character_set_client = utf8 */;
CREATE TABLE `place_amenity` (
  `place_id` varchar(60) NOT NULL,
  `amenity_id` varchar(60) NOT NULL,
  PRIMARY KEY (`place_id`,`amenity_id`),
  KEY `amenity_id` (`amenity_id`),
  CONSTRAINT `place_amenity_ibfk_1` FOREIGN KEY (`place_id`) REFERENCES `places` (`id`),
  CONSTRAINT `place_amenity_ibfk_2` FOREIGN KEY (`amenity_id`) REFERENCES `amenities` (`id`)
) ENGINE=InnoDB DEFAULT CHARSET=latin1;
/*!40101 SET character_set_client = @saved_cs_client */;

--
-- Dumping data for table `place_amenity`
--

/*!40000 ALTER TABLE `place_amenity` DISABLE KEYS */;
INSERT INTO `place_amenity` VALUES ('02d9a2b5-7dca-423f-8406-707bc76abf7e','017ec502-e84a-4a0f-92d6-d97e27bb6bdf'),('073084e1-1d9d-49e6-8383-42ef6f4325b5','017ec502-e84a-4a0f-92d6-d97e27bb6bdf'),('0a454f9a-eaac-488b-8443-23cf58f7ae37','017ec502-e84a-4a0f-92d6-d97e27bb6bdf'),('0feb3595-1c64-4bad-816c-769446217d4f','017ec502-e84a-4a0f-92d6-d97e27bb6bdf'),('10974581-bff8-4ba6-9a00-2ae42d521162','017ec502-e84a-4a0f-92d6-d97e27bb6bdf'),('12ff7d06-9910-41cd-9eee-bdc21476d119','017ec502-e84a-4a0f-92d6-d97e27bb6bdf'),('1ff1963c-7afa-470c-bc05-562b01549b09','017ec502-e84a-4a0f-92d6-d97e27bb6bdf'),('30e56424-c0f0-4e36-9523-f5e904bb3142','017ec502-e84a-4a0f-92d6-d97e27bb6bdf'),('32945f6e-5a96-4233-b8ae-048d51323d7b','017ec502-e84a-4a0f-92d6-d97e27bb6bdf'),('3827c1d1-14d5-4643-a24b-3dca656192fa','017ec502-e84a-4a0f-92d6-d97e27bb6bdf'),('3a60974c-0fd8-4b17-b18b-ca0fe58db88f','017ec502-e84a-4a0f-92d6-d97e27bb6bdf'),('3c702a05-81f1-450e-b07f-386ae8a3b124','017ec502-e84a-4a0f-92d6-d97e27bb6bdf'),('453b0b1c-6bf3-4e94-8265-082ef06ab85f','017ec502-e84a-4a0f-92d6-d97e27bb6bdf'),('4703b2d8-e417-4243-a6f3-044fc06f020e','017ec502-e84a-4a0f-92d6-d97e27bb6bdf'),('4ae40c33-23c9-47a9-b867-0a6d8f25fd8c','017ec502-e84a-4a0f-92d6-d97e27bb6bdf'),('52d726db-2427-40ca-a5f0-d5c117625d1c','017ec502-e84a-4a0f-92d6-d97e27bb6bdf'),('552b5aaf-33b7-407b-a2dc-459ab730b3a5','017ec502-e84a-4a0f-92d6-d97e27bb6bdf'),('6ebec357-8589-435b-a5cb-fcd99b638fae','017ec502-e84a-4a0f-92d6-d97e27bb6bdf'),('7b8ecd06-c520-4adc-b2e4-bfaa7f8bab2e','017ec502-e84a-4a0f-92d6-d97e27bb6bdf'),('8835ba11-7757-45c6-9138-f7e2e4b5f80f','017ec502-e84a-4a0f-92d6-d97e27bb6bdf'),('96233d68-319e-4ae0-a20f-3af55dcadb0a','017ec502-e84a-4a0f-92d6-d97e27bb6bdf'),('98b1678d-d25c-476a-b6c3-c11978617e90','017ec502-e84a-4a0f-92d6-d97e27bb6bdf'),('9c5a1e44-0090-464b-ac3b-89e0f65cc6e1','017ec502-e84a-4a0f-92d6-d97e27bb6bdf'),('a16c7358-bf66-4802-8933-1616b5a322db','017ec502-e84a-4a0f-92d6-d97e27bb6bdf'),('a302bce0-cb8e-4e54-ba2b-0822b0565303','017ec502-e84a-4a0f-92d6-d97e27bb6bdf'),('aaf389be-c794-4fb4-a6cf-619ca956898f','017ec502-e84a-4a0f-92d6-d97e27bb6bdf'),('acd9cdca-855e-484b-baf9-ffda99d945f2','017ec502-e84a-4a0f-92d6-d97e27bb6bdf'),('ad124633-a610-483f-862a-6f54dda19c6e','017ec502-e84a-4a0f-92d6-d97e27bb6bdf'),('af92250e-2f85-4fca-8c04-03029a1b1fad','017ec502-e84a-4a0f-92d6-d97e27bb6bdf'),('b493f8ca-c5d2-414a-9441-6cd4dcebcd36','017ec502-e84a-4a0f-92d6-d97e27bb6bdf'),('b4a927e4-9715-4cd2-9918-47491f97df3e','017ec502-e84a-4a0f-92d6-d97e27bb6bdf'),('b4d6d884-e50d-41eb-9b97-6395a07a43f9','017ec502-e84a-4a0f-92d6-d97e27bb6bdf'),('bc227cc3-0ad7-4b9a-b72a-6c2a45e6a88a','017ec502-e84a-4a0f-92d6-d97e27bb6bdf'),('cb681375-76ad-41d4-ac03-7fe74df9aed3','017ec502-e84a-4a0f-92d6-d97e27bb6bdf'),('cd9eb9ef-2237-445a-b2be-e108d999eae8','017ec502-e84a-4a0f-92d6-d97e27bb6bdf'),('cff8a023-eacb-4a38-a24f-a01fe9ddde18','017ec502-e84a-4a0f-92d6-d97e27bb6bdf'),('d590593b-c4ef-4a9a-b631-9f4bf7a3d6c2','017ec502-e84a-4a0f-92d6-d97e27bb6bdf'),('df2548db-377d-422e-b805-4e8e0c794302','017ec502-e84a-4a0f-92d6-d97e27bb6bdf'),('e2d4feeb-4cb0-4df4-a10e-5a54748621b3','017ec502-e84a-4a0f-92d6-d97e27bb6bdf'),('e3f28357-a476-4032-8726-4ac7262cbc72','017ec502-e84a-4a0f-92d6-d97e27bb6bdf'),('e6c33577-5de3-4481-9147-47ef4710b986','017ec502-e84a-4a0f-92d6-d97e27bb6bdf'),('e990e07f-1b6f-4bc5-a553-ddddad30211b','017ec502-e84a-4a0f-92d6-d97e27bb6bdf'),('f19fa153-154e-440b-9f4b-debee403b0d2','017ec502-e84a-4a0f-92d6-d97e27bb6bdf'),('12ff7d06-9910-41cd-9eee-bdc21476d119','0d375b05-5ef9-4d43-aaca-436762bb25bf'),('19ae5055-f503-499d-a64f-2bf7d92eff5b','0d375b05-5ef9-4d43-aaca-436762bb25bf'),('2b6e6650-5f69-426d-a084-71f7ad30d1f1','0d375b05-5ef9-4d43-aaca-436762bb25bf'),('453b0b1c-6bf3-4e94-8265-082ef06ab85f','0d375b05-5ef9-4d43-aaca-436762bb25bf'),('478d6061-fc78-40c3-a1b2-0e906fb86da8','0d375b05-5ef9-4d43-aaca-436762bb25bf'),('4ae40c33-23c9-47a9-b867-0a6d8f25fd8c','0d375b05-5ef9-4d43-aaca-436762bb25bf'),('552b5aaf-33b7-407b-a2dc-459ab730b3a5','0d375b05-5ef9-4d43-aaca-436762bb25bf'),('66fb8e5d-2ad2-44be-8890-a13a9992f257','0d375b05-5ef9-4d43-aaca-436762bb25bf'),('6d24beec-f296-473c-a34a-4dd9aab8a780','0d375b05-5ef9-4d43-aaca-436762bb25bf'),('73544fd5-d823-4435-b0ce-854f3b2695c4','0d375b05-5ef9-4d43-aaca-436762bb25bf'),('7a958fb6-a203-441c-9f8f-3440523fed14','0d375b05-5ef9-4d43-aaca-436762bb25bf'),('84f6227b-6c97-47ff-9ede-d4fbf4994d23','0d375b05-5ef9-4d43-aaca-436762bb25bf'),('8835ba11-7757-45c6-9138-f7e2e4b5f80f','0d375b05-5ef9-4d43-aaca-436762bb25bf'),('b4d6d884-e50d-41eb-9b97-6395a07a43f9','0d375b05-5ef9-4d43-aaca-436762bb25bf'),('b7a46879-c82a-46d9-9ea9-43cbefca2f81','0d375b05-5ef9-4d43-aaca-436762bb25bf'),('c29b5191-ac68-4e9b-a68f-aa42ea1dcb01','0d375b05-5ef9-4d43-aaca-436762bb25bf'),('e551a4a6-7701-41de-be62-aae869888c78','0d375b05-5ef9-4d43-aaca-436762bb25bf'),('02d9a2b5-7dca-423f-8406-707bc76abf7e','12e9ccb4-03e4-4f82-ac3d-4fc7e3ebfbfe'),('073084e1-1d9d-49e6-8383-42ef6f4325b5','12e9ccb4-03e4-4f82-ac3d-4fc7e3ebfbfe'),('0a454f9a-eaac-488b-8443-23cf58f7ae37','12e9ccb4-03e4-4f82-ac3d-4fc7e3ebfbfe'),('0b96262f-2c72-464c-a182-8f58afde4288','12e9ccb4-03e4-4f82-ac3d-4fc7e3ebfbfe'),('10974581-bff8-4ba6-9a00-2ae42d521162','12e9ccb4-03e4-4f82-ac3d-4fc7e3ebfbfe'),('12ff7d06-9910-41cd-9eee-bdc21476d119','12e9ccb4-03e4-4f82-ac3d-4fc7e3ebfbfe'),('14e9cb05-e188-4e02-ab2c-8ef425e5ea64','12e9ccb4-03e4-4f82-ac3d-4fc7e3ebfbfe'),('18ff54e2-dc10-4e7f-bfdb-8a7591f7f009','12e9ccb4-03e4-4f82-ac3d-4fc7e3ebfbfe'),('19ae5055-f503-499d-a64f-2bf7d92eff5b','12e9ccb4-03e4-4f82-ac3d-4fc7e3ebfbfe'),('1ff1963c-7afa-470c-bc05-562b01549b09','12e9ccb4-03e4-4f82-ac3d-4fc7e3ebfbfe'),('2b6e6650-5f69-426d-a084-71f7ad30d1f1','12e9ccb4-03e4-4f82-ac3d-4fc7e3ebfbfe'),('30e56424-c0f0-4e36-9523-f5e904bb3142','12e9ccb4-03e4-4f82-ac3d-4fc7e3ebfbfe'),('328bd785-a91b-424c-afda-9e08e5155cfe','12e9ccb4-03e4-4f82-ac3d-4fc7e3ebfbfe'),('32945f6e-5a96-4233-b8ae-048d51323d7b','12e9ccb4-03e4-4f82-ac3d-4fc7e3ebfbfe'),('3827c1d1-14d5-4643-a24b-3dca656192fa','12e9ccb4-03e4-4f82-ac3d-4fc7e3ebfbfe'),('38e38612-a626-47a9-a699-05efa178e155','12e9ccb4-03e4-4f82-ac3d-4fc7e3ebfbfe'),('3a60974c-0fd8-4b17-b18b-ca0fe58db88f','12e9ccb4-03e4-4f82-ac3d-4fc7e3ebfbfe'),('3c7eb6bc-a146-4186-bfbf-9de857286e68','12e9ccb4-03e4-4f82-ac3d-4fc7e3ebfbfe'),('3ebfaf23-cede-4cf0-964d-8afc17b11d02','12e9ccb4-03e4-4f82-ac3d-4fc7e3ebfbfe'),('4316efa3-0fb1-4aad-87c0-43ef8d3c0376','12e9ccb4-03e4-4f82-ac3d-4fc7e3ebfbfe'),('47b9ca37-915d-405d-861d-7dbf74559441','12e9ccb4-03e4-4f82-ac3d-4fc7e3ebfbfe'),('4ae40c33-23c9-47a9-b867-0a6d8f25fd8c','12e9ccb4-03e4-4f82-ac3d-4fc7e3ebfbfe'),('52cc10db-af9b-499c-aa8e-670056611a7c','12e9ccb4-03e4-4f82-ac3d-4fc7e3ebfbfe'),('52d726db-2427-40ca-a5f0-d5c117625d1c','12e9ccb4-03e4-4f82-ac3d-4fc7e3ebfbfe'),('552b5aaf-33b7-407b-a2dc-459ab730b3a5','12e9ccb4-03e4-4f82-ac3d-4fc7e3ebfbfe'),('60b77ea7-04c9-4b8a-b835-dc92c6aa196b','12e9ccb4-03e4-4f82-ac3d-4fc7e3ebfbfe'),('62e75faa-d265-4ca1-a009-1e06f1d6ab14','12e9ccb4-03e4-4f82-ac3d-4fc7e3ebfbfe'),('645127dd-38b4-4fad-9950-57b3ce0a5301','12e9ccb4-03e4-4f82-ac3d-4fc7e3ebfbfe'),('66fb8e5d-2ad2-44be-8890-a13a9992f257','12e9ccb4-03e4-4f82-ac3d-4fc7e3ebfbfe'),('6a78ec0c-8410-4cbf-a915-e697a3aa798d','12e9ccb4-03e4-4f82-ac3d-4fc7e3ebfbfe'),('6ebec357-8589-435b-a5cb-fcd99b638fae','12e9ccb4-03e4-4f82-ac3d-4fc7e3ebfbfe'),('6f59f0c7-f3f6-419f-9a8c-9d998a3b681c','12e9ccb4-03e4-4f82-ac3d-4fc7e3ebfbfe'),('7a958fb6-a203-441c-9f8f-3440523fed14','12e9ccb4-03e4-4f82-ac3d-4fc7e3ebfbfe'),('7eceb696-213d-42cf-a58d-fa2e47cfdada','12e9ccb4-03e4-4f82-ac3d-4fc7e3ebfbfe'),('7ed82a23-cd4f-437b-be12-9c54e84281ef','12e9ccb4-03e4-4f82-ac3d-4fc7e3ebfbfe'),('836bea96-c22d-46d2-9335-b97cec4cc30a','12e9ccb4-03e4-4f82-ac3d-4fc7e3ebfbfe'),('8835ba11-7757-45c6-9138-f7e2e4b5f80f','12e9ccb4-03e4-4f82-ac3d-4fc7e3ebfbfe'),('9247dcc1-711a-4ab2-b99a-f2808627d2f2','12e9ccb4-03e4-4f82-ac3d-4fc7e3ebfbfe'),('96233d68-319e-4ae0-a20f-3af55dcadb0a','12e9ccb4-03e4-4f82-ac3d-4fc7e3ebfbfe'),('9684e0c7-0f21-4a00-9334-1a974e13dbc3','12e9ccb4-03e4-4f82-ac3d-4fc7e3ebfbfe'),('96fcc267-3257-4260-a264-b3d80639b7c9','12e9ccb4-03e4-4f82-ac3d-4fc7e3ebfbfe'),('9a4d1511-f149-485c-a66b-0ca3fa105ad7','12e9ccb4-03e4-4f82-ac3d-4fc7e3ebfbfe'),('9c5a1e44-0090-464b-ac3b-89e0f65cc6e1','12e9ccb4-03e4-4f82-ac3d-4fc7e3ebfbfe'),('a12e6da9-0797-4445-9626-d5f0fa5ed775','12e9ccb4-03e4-4f82-ac3d-4fc7e3ebfbfe'),('a16c7358-bf66-4802-8933-1616b5a322db','12e9ccb4-03e4-4f82-ac3d-4fc7e3ebfbfe'),('a302bce0-cb8e-4e54-ba2b-0822b0565303','12e9ccb4-03e4-4f82-ac3d-4fc7e3ebfbfe'),('aaf389be-c794-4fb4-a6cf-619ca956898f','12e9ccb4-03e4-4f82-ac3d-4fc7e3ebfbfe'),('acd9cdca-855e-484b-baf9-ffda99d945f2','12e9ccb4-03e4-4f82-ac3d-4fc7e3ebfbfe'),('ad124633-a610-483f-862a-6f54dda19c6e','12e9ccb4-03e4-4f82-ac3d-4fc7e3ebfbfe'),('ad4cd1fe-3358-4183-8062-59e39824175c','12e9ccb4-03e4-4f82-ac3d-4fc7e3ebfbfe'),('ae787938-171f-4563-8c75-92a037fed415','12e9ccb4-03e4-4f82-ac3d-4fc7e3ebfbfe'),('af2946ec-c08b-4c93-9f0f-9175763181a1','12e9ccb4-03e4-4f82-ac3d-4fc7e3ebfbfe'),('af92250e-2f85-4fca-8c04-03029a1b1fad','12e9ccb4-03e4-4f82-ac3d-4fc7e3ebfbfe'),('b2c8a4cd-6e80-48c3-a1fc-07f129ee2875','12e9ccb4-03e4-4f82-ac3d-4fc7e3ebfbfe'),('b324eb47-73a1-4680-81d8-71d4b1ea4c30','12e9ccb4-03e4-4f82-ac3d-4fc7e3ebfbfe'),('b493f8ca-c5d2-414a-9441-6cd4dcebcd36','12e9ccb4-03e4-4f82-ac3d-4fc7e3ebfbfe'),('b4d6d884-e50d-41eb-9b97-6395a07a43f9','12e9ccb4-03e4-4f82-ac3d-4fc7e3ebfbfe'),('b56cb489-da79-4028-bcc0-7251324606f0','12e9ccb4-03e4-4f82-ac3d-4fc7e3ebfbfe'),('b5880e7d-c4b7-497e-ac1a-12826327132f','12e9ccb4-03e4-4f82-ac3d-4fc7e3ebfbfe'),('b6692019-ac4a-47aa-a671-89cd79c9e11f','12e9ccb4-03e4-4f82-ac3d-4fc7e3ebfbfe'),('b6ea25aa-f298-4f24-bc8c-526439f254d5','12e9ccb4-03e4-4f82-ac3d-4fc7e3ebfbfe'),('b9ea70be-fa25-4e4f-a330-e79d2e06ab6f','12e9ccb4-03e4-4f82-ac3d-4fc7e3ebfbfe'),('bc227cc3-0ad7-4b9a-b72a-6c2a45e6a88a','12e9ccb4-03e4-4f82-ac3d-4fc7e3ebfbfe'),('bcda6018-7286-4d8c-abfa-dda1026adf88','12e9ccb4-03e4-4f82-ac3d-4fc7e3ebfbfe'),('be13aa0e-8da7-4943-be05-5fd89f4d18e6','12e9ccb4-03e4-4f82-ac3d-4fc7e3ebfbfe'),('be89d2ce-231e-4205-a8c1-e6bcf5990302','12e9ccb4-03e4-4f82-ac3d-4fc7e3ebfbfe'),('c29b5191-ac68-4e9b-a68f-aa42ea1dcb01','12e9ccb4-03e4-4f82-ac3d-4fc7e3ebfbfe'),('cd9eb9ef-2237-445a-b2be-e108d999eae8','12e9ccb4-03e4-4f82-ac3d-4fc7e3ebfbfe'),('cff8a023-eacb-4a38-a24f-a01fe9ddde18','12e9ccb4-03e4-4f82-ac3d-4fc7e3ebfbfe'),('d27f17eb-3ddd-44c0-9e8a-f3c21d933b3b','12e9ccb4-03e4-4f82-ac3d-4fc7e3ebfbfe'),('d37d7e5a-d186-45a0-a190-c065ff5922e8','12e9ccb4-03e4-4f82-ac3d-4fc7e3ebfbfe'),('d590593b-c4ef-4a9a-b631-9f4bf7a3d6c2','12e9ccb4-03e4-4f82-ac3d-4fc7e3ebfbfe'),('d991f849-0f2f-41cb-b6d7-41feee6bc943','12e9ccb4-03e4-4f82-ac3d-4fc7e3ebfbfe'),('daa15c1b-9ca6-4042-85fd-bdb7a46d5862','12e9ccb4-03e4-4f82-ac3d-4fc7e3ebfbfe'),('dbdc349b-a195-474f-9856-dbe01d08c331','12e9ccb4-03e4-4f82-ac3d-4fc7e3ebfbfe'),('df2548db-377d-422e-b805-4e8e0c794302','12e9ccb4-03e4-4f82-ac3d-4fc7e3ebfbfe'),('e551a4a6-7701-41de-be62-aae869888c78','12e9ccb4-03e4-4f82-ac3d-4fc7e3ebfbfe'),('e6c33577-5de3-4481-9147-47ef4710b986','12e9ccb4-03e4-4f82-ac3d-4fc7e3ebfbfe'),('e74201c2-6057-419d-be22-d0087eeb4179','12e9ccb4-03e4-4f82-ac3d-4fc7e3ebfbfe'),('e990e07f-1b6f-4bc5-a553-ddddad30211b','12e9ccb4-03e4-4f82-ac3d-4fc7e3ebfbfe'),('ea0e2e31-1b74-4334-adf1-555d8a6d6c1e','12e9ccb4-03e4-4f82-ac3d-4fc7e3ebfbfe'),('eb3c3877-39bc-4de3-8fc3-4f3895c5b2ba','12e9ccb4-03e4-4f82-ac3d-4fc7e3ebfbfe'),('f19fa153-154e-440b-9f4b-debee403b0d2','12e9ccb4-03e4-4f82-ac3d-4fc7e3ebfbfe'),('ffcc9c22-759e-4418-b788-81eda89c2865','12e9ccb4-03e4-4f82-ac3d-4fc7e3ebfbfe'),('b6ea25aa-f298-4f24-bc8c-526439f254d5','1e0f976d-beef-497b-b29c-b4a25d1c071a'),('d72f839c-9390-4085-9d39-b45144c9c3c8','1e0f976d-beef-497b-b29c-b4a25d1c071a'),('52d726db-2427-40ca-a5f0-d5c117625d1c','20f281b1-2cd1-4e36-a7c7-d1062ff16bcd'),('acd9cdca-855e-484b-baf9-ffda99d945f2','20f281b1-2cd1-4e36-a7c7-d1062ff16bcd'),('bcda6018-7286-4d8c-abfa-dda1026adf88','20f281b1-2cd1-4e36-a7c7-d1062ff16bcd'),('e6e428ae-bc13-4648-9e61-d01672bb5cf6','20f281b1-2cd1-4e36-a7c7-d1062ff16bcd'),('3a60974c-0fd8-4b17-b18b-ca0fe58db88f','28ff856a-2cfb-44df-91b8-1285914553c8'),('3c7eb6bc-a146-4186-bfbf-9de857286e68','28ff856a-2cfb-44df-91b8-1285914553c8'),('9247dcc1-711a-4ab2-b99a-f2808627d2f2','28ff856a-2cfb-44df-91b8-1285914553c8'),('0d10682b-5bd4-4fde-9427-0067fe6ff63c','2a98b8af-1cd7-4236-a99e-7200c992fad7'),('14e9cb05-e188-4e02-ab2c-8ef425e5ea64','2a98b8af-1cd7-4236-a99e-7200c992fad7'),('314b188e-990b-423e-ae63-f0199b8c2b17','2a98b8af-1cd7-4236-a99e-7200c992fad7'),('3290a4ef-4241-4fa5-843e-87926c74e384','2a98b8af-1cd7-4236-a99e-7200c992fad7'),('3827c1d1-14d5-4643-a24b-3dca656192fa','2a98b8af-1cd7-4236-a99e-7200c992fad7'),('3c702a05-81f1-450e-b07f-386ae8a3b124','2a98b8af-1cd7-4236-a99e-7200c992fad7'),('3ebfaf23-cede-4cf0-964d-8afc17b11d02','2a98b8af-1cd7-4236-a99e-7200c992fad7'),('43803445-1874-4a3c-94e9-955fcb25089b','2a98b8af-1cd7-4236-a99e-7200c992fad7'),('4703b2d8-e417-4243-a6f3-044fc06f020e','2a98b8af-1cd7-4236-a99e-7200c992fad7'),('48a5d328-3905-4cb5-b634-ddce3f593390','2a98b8af-1cd7-4236-a99e-7200c992fad7'),('52d726db-2427-40ca-a5f0-d5c117625d1c','2a98b8af-1cd7-4236-a99e-7200c992fad7'),('5463e312-5bf4-4764-8c06-e97c5548f712','2a98b8af-1cd7-4236-a99e-7200c992fad7'),('598218ba-5069-450d-afe1-1e3212c378d4','2a98b8af-1cd7-4236-a99e-7200c992fad7'),('645127dd-38b4-4fad-9950-57b3ce0a5301','2a98b8af-1cd7-4236-a99e-7200c992fad7'),('6a6ca355-5131-4a8d-b659-00f79b78ab1c','2a98b8af-1cd7-4236-a99e-7200c992fad7'),('6a78ec0c-8410-4cbf-a915-e697a3aa798d','2a98b8af-1cd7-4236-a99e-7200c992fad7'),('6ebec357-8589-435b-a5cb-fcd99b638fae','2a98b8af-1cd7-4236-a99e-7200c992fad7'),('78ca76e7-78dc-4867-8281-50ab3dc47cdd','2a98b8af-1cd7-4236-a99e-7200c992fad7'),('84f6227b-6c97-47ff-9ede-d4fbf4994d23','2a98b8af-1cd7-4236-a99e-7200c992fad7'),('859a8a8f-9423-4bf6-b471-d9a7f39c9c2c','2a98b8af-1cd7-4236-a99e-7200c992fad7'),('89ddd0bc-2250-4094-8f6d-59b35c0f6891','2a98b8af-1cd7-4236-a99e-7200c992fad7'),('8fba447b-e04f-41c5-a730-848ef02758a9','2a98b8af-1cd7-4236-a99e-7200c992fad7'),('9247dcc1-711a-4ab2-b99a-f2808627d2f2','2a98b8af-1cd7-4236-a99e-7200c992fad7'),('96fcc267-3257-4260-a264-b3d80639b7c9','2a98b8af-1cd7-4236-a99e-7200c992fad7'),('9a4d1511-f149-485c-a66b-0ca3fa105ad7','2a98b8af-1cd7-4236-a99e-7200c992fad7'),('9c5a1e44-0090-464b-ac3b-89e0f65cc6e1','2a98b8af-1cd7-4236-a99e-7200c992fad7'),('aaf389be-c794-4fb4-a6cf-619ca956898f','2a98b8af-1cd7-4236-a99e-7200c992fad7'),('ad4cd1fe-3358-4183-8062-59e39824175c','2a98b8af-1cd7-4236-a99e-7200c992fad7'),('af2946ec-c08b-4c93-9f0f-9175763181a1','2a98b8af-1cd7-4236-a99e-7200c992fad7'),('b33cae89-fe4f-4c6e-a1c5-0022450f2bf2','2a98b8af-1cd7-4236-a99e-7200c992fad7'),('b4a927e4-9715-4cd2-9918-47491f97df3e','2a98b8af-1cd7-4236-a99e-7200c992fad7'),('b4d6d884-e50d-41eb-9b97-6395a07a43f9','2a98b8af-1cd7-4236-a99e-7200c992fad7'),('b6ea25aa-f298-4f24-bc8c-526439f254d5','2a98b8af-1cd7-4236-a99e-7200c992fad7'),('be89d2ce-231e-4205-a8c1-e6bcf5990302','2a98b8af-1cd7-4236-a99e-7200c992fad7'),('cb681375-76ad-41d4-ac03-7fe74df9aed3','2a98b8af-1cd7-4236-a99e-7200c992fad7'),('cff8a023-eacb-4a38-a24f-a01fe9ddde18','2a98b8af-1cd7-4236-a99e-7200c992fad7'),('d72f839c-9390-4085-9d39-b45144c9c3c8','2a98b8af-1cd7-4236-a99e-7200c992fad7'),('d8a2b39f-6174-4f1f-a14a-561a81cabce2','2a98b8af-1cd7-4236-a99e-7200c992fad7'),('df2548db-377d-422e-b805-4e8e0c794302','2a98b8af-1cd7-4236-a99e-7200c992fad7'),('e3f28357-a476-4032-8726-4ac7262cbc72','2a98b8af-1cd7-4236-a99e-7200c992fad7'),('e6c33577-5de3-4481-9147-47ef4710b986','2a98b8af-1cd7-4236-a99e-7200c992fad7'),('e74201c2-6057-419d-be22-d0087eeb4179','2a98b8af-1cd7-4236-a99e-7200c992fad7'),('ffcc9c22-759e-4418-b788-81eda89c2865','2a98b8af-1cd7-4236-a99e-7200c992fad7'),('073084e1-1d9d-49e6-8383-42ef6f4325b5','2c620702-d41c-4732-a1cf-6e40f7877dc3'),('1014dfdf-fa7a-487c-bba8-2d3076d570dc','2c620702-d41c-4732-a1cf-6e40f7877dc3'),('12ff7d06-9910-41cd-9eee-bdc21476d119','2c620702-d41c-4732-a1cf-6e40f7877dc3'),('19ae5055-f503-499d-a64f-2bf7d92eff5b','2c620702-d41c-4732-a1cf-6e40f7877dc3'),('279b355e-ff9a-4b85-8114-6db7ad2a4cd2','2c620702-d41c-4732-a1cf-6e40f7877dc3'),('2b6e6650-5f69-426d-a084-71f7ad30d1f1','2c620702-d41c-4732-a1cf-6e40f7877dc3'),('30e56424-c0f0-4e36-9523-f5e904bb3142','2c620702-d41c-4732-a1cf-6e40f7877dc3'),('3290a4ef-4241-4fa5-843e-87926c74e384','2c620702-d41c-4732-a1cf-6e40f7877dc3'),('453b0b1c-6bf3-4e94-8265-082ef06ab85f','2c620702-d41c-4732-a1cf-6e40f7877dc3'),('478d6061-fc78-40c3-a1b2-0e906fb86da8','2c620702-d41c-4732-a1cf-6e40f7877dc3'),('47b9ca37-915d-405d-861d-7dbf74559441','2c620702-d41c-4732-a1cf-6e40f7877dc3'),('48bf9579-0f57-426e-9051-a4d3507ad7cd','2c620702-d41c-4732-a1cf-6e40f7877dc3'),('4ae40c33-23c9-47a9-b867-0a6d8f25fd8c','2c620702-d41c-4732-a1cf-6e40f7877dc3'),('52d726db-2427-40ca-a5f0-d5c117625d1c','2c620702-d41c-4732-a1cf-6e40f7877dc3'),('552b5aaf-33b7-407b-a2dc-459ab730b3a5','2c620702-d41c-4732-a1cf-6e40f7877dc3'),('66fb8e5d-2ad2-44be-8890-a13a9992f257','2c620702-d41c-4732-a1cf-6e40f7877dc3'),('695c0586-3345-4b15-bcf7-f5ecbae258e1','2c620702-d41c-4732-a1cf-6e40f7877dc3'),('6d24beec-f296-473c-a34a-4dd9aab8a780','2c620702-d41c-4732-a1cf-6e40f7877dc3'),('73544fd5-d823-4435-b0ce-854f3b2695c4','2c620702-d41c-4732-a1cf-6e40f7877dc3'),('7a958fb6-a203-441c-9f8f-3440523fed14','2c620702-d41c-4732-a1cf-6e40f7877dc3'),('84f6227b-6c97-47ff-9ede-d4fbf4994d23','2c620702-d41c-4732-a1cf-6e40f7877dc3'),('8835ba11-7757-45c6-9138-f7e2e4b5f80f','2c620702-d41c-4732-a1cf-6e40f7877dc3'),('9247dcc1-711a-4ab2-b99a-f2808627d2f2','2c620702-d41c-4732-a1cf-6e40f7877dc3'),('9a4d1511-f149-485c-a66b-0ca3fa105ad7','2c620702-d41c-4732-a1cf-6e40f7877dc3'),('acd9cdca-855e-484b-baf9-ffda99d945f2','2c620702-d41c-4732-a1cf-6e40f7877dc3'),('af92250e-2f85-4fca-8c04-03029a1b1fad','2c620702-d41c-4732-a1cf-6e40f7877dc3'),('b2c8a4cd-6e80-48c3-a1fc-07f129ee2875','2c620702-d41c-4732-a1cf-6e40f7877dc3'),('b4d6d884-e50d-41eb-9b97-6395a07a43f9','2c620702-d41c-4732-a1cf-6e40f7877dc3'),('b7a46879-c82a-46d9-9ea9-43cbefca2f81','2c620702-d41c-4732-a1cf-6e40f7877dc3'),('bcda6018-7286-4d8c-abfa-dda1026adf88','2c620702-d41c-4732-a1cf-6e40f7877dc3'),('c29b5191-ac68-4e9b-a68f-aa42ea1dcb01','2c620702-d41c-4732-a1cf-6e40f7877dc3'),('cb681375-76ad-41d4-ac03-7fe74df9aed3','2c620702-d41c-4732-a1cf-6e40f7877dc3'),('d590593b-c4ef-4a9a-b631-9f4bf7a3d6c2','2c620702-d41c-4732-a1cf-6e40f7877dc3'),('e551a4a6-7701-41de-be62-aae869888c78','2c620702-d41c-4732-a1cf-6e40f7877dc3'),('e6e428ae-bc13-4648-9e61-d01672bb5cf6','2c620702-d41c-4732-a1cf-6e40f7877dc3'),('f25b307b-4285-4902-8305-8cf908eace7a','2c620702-d41c-4732-a1cf-6e40f7877dc3'),('02d9a2b5-7dca-423f-8406-707bc76abf7e','2f055228-5fd3-4b1d-a021-7e4b9b7d70a6'),('073084e1-1d9d-49e6-8383-42ef6f4325b5','2f055228-5fd3-4b1d-a021-7e4b9b7d70a6'),('09b4888f-0e06-4ab1-abbc-05e9865634d0','2f055228-5fd3-4b1d-a021-7e4b9b7d70a6'),('0a454f9a-eaac-488b-8443-23cf58f7ae37','2f055228-5fd3-4b1d-a021-7e4b9b7d70a6'),('0b96262f-2c72-464c-a182-8f58afde4288','2f055228-5fd3-4b1d-a021-7e4b9b7d70a6'),('0feb3595-1c64-4bad-816c-769446217d4f','2f055228-5fd3-4b1d-a021-7e4b9b7d70a6'),('1014dfdf-fa7a-487c-bba8-2d3076d570dc','2f055228-5fd3-4b1d-a021-7e4b9b7d70a6'),('10974581-bff8-4ba6-9a00-2ae42d521162','2f055228-5fd3-4b1d-a021-7e4b9b7d70a6'),('12ff7d06-9910-41cd-9eee-bdc21476d119','2f055228-5fd3-4b1d-a021-7e4b9b7d70a6'),('1385324e-d727-475c-ad30-f7dcb5afea02','2f055228-5fd3-4b1d-a021-7e4b9b7d70a6'),('14e9cb05-e188-4e02-ab2c-8ef425e5ea64','2f055228-5fd3-4b1d-a021-7e4b9b7d70a6'),('18ff54e2-dc10-4e7f-bfdb-8a7591f7f009','2f055228-5fd3-4b1d-a021-7e4b9b7d70a6'),('19ae5055-f503-499d-a64f-2bf7d92eff5b','2f055228-5fd3-4b1d-a021-7e4b9b7d70a6'),('1ff1963c-7afa-470c-bc05-562b01549b09','2f055228-5fd3-4b1d-a021-7e4b9b7d70a6'),('207f5bf6-d1de-4cca-a60d-c2c48e93debc','2f055228-5fd3-4b1d-a021-7e4b9b7d70a6'),('279b355e-ff9a-4b85-8114-6db7ad2a4cd2','2f055228-5fd3-4b1d-a021-7e4b9b7d70a6'),('30e56424-c0f0-4e36-9523-f5e904bb3142','2f055228-5fd3-4b1d-a021-7e4b9b7d70a6'),('31568a3f-d5b1-47d1-b2ee-74339059e3a0','2f055228-5fd3-4b1d-a021-7e4b9b7d70a6'),('328bd785-a91b-424c-afda-9e08e5155cfe','2f055228-5fd3-4b1d-a021-7e4b9b7d70a6'),('3290a4ef-4241-4fa5-843e-87926c74e384','2f055228-5fd3-4b1d-a021-7e4b9b7d70a6'),('32945f6e-5a96-4233-b8ae-048d51323d7b','2f055228-5fd3-4b1d-a021-7e4b9b7d70a6'),('3827c1d1-14d5-4643-a24b-3dca656192fa','2f055228-5fd3-4b1d-a021-7e4b9b7d70a6'),('3a60974c-0fd8-4b17-b18b-ca0fe58db88f','2f055228-5fd3-4b1d-a021-7e4b9b7d70a6'),('3c702a05-81f1-450e-b07f-386ae8a3b124','2f055228-5fd3-4b1d-a021-7e4b9b7d70a6'),('3c7eb6bc-a146-4186-bfbf-9de857286e68','2f055228-5fd3-4b1d-a021-7e4b9b7d70a6'),('3ebfaf23-cede-4cf0-964d-8afc17b11d02','2f055228-5fd3-4b1d-a021-7e4b9b7d70a6'),('43803445-1874-4a3c-94e9-955fcb25089b','2f055228-5fd3-4b1d-a021-7e4b9b7d70a6'),('453b0b1c-6bf3-4e94-8265-082ef06ab85f','2f055228-5fd3-4b1d-a021-7e4b9b7d70a6'),('457ed182-b2f3-42cf-bcd7-67bfbad5d89c','2f055228-5fd3-4b1d-a021-7e4b9b7d70a6'),('4703b2d8-e417-4243-a6f3-044fc06f020e','2f055228-5fd3-4b1d-a021-7e4b9b7d70a6'),('478d6061-fc78-40c3-a1b2-0e906fb86da8','2f055228-5fd3-4b1d-a021-7e4b9b7d70a6'),('47b9ca37-915d-405d-861d-7dbf74559441','2f055228-5fd3-4b1d-a021-7e4b9b7d70a6'),('48a5d328-3905-4cb5-b634-ddce3f593390','2f055228-5fd3-4b1d-a021-7e4b9b7d70a6'),('48bf9579-0f57-426e-9051-a4d3507ad7cd','2f055228-5fd3-4b1d-a021-7e4b9b7d70a6'),('4929d198-149e-437b-b4a1-3ae1ec0044c2','2f055228-5fd3-4b1d-a021-7e4b9b7d70a6'),('4ae40c33-23c9-47a9-b867-0a6d8f25fd8c','2f055228-5fd3-4b1d-a021-7e4b9b7d70a6'),('4aec23de-5c5c-4a54-ba6f-69c87bf96c17','2f055228-5fd3-4b1d-a021-7e4b9b7d70a6'),('52cc10db-af9b-499c-aa8e-670056611a7c','2f055228-5fd3-4b1d-a021-7e4b9b7d70a6'),('52d726db-2427-40ca-a5f0-d5c117625d1c','2f055228-5fd3-4b1d-a021-7e4b9b7d70a6'),('5463e312-5bf4-4764-8c06-e97c5548f712','2f055228-5fd3-4b1d-a021-7e4b9b7d70a6'),('552b5aaf-33b7-407b-a2dc-459ab730b3a5','2f055228-5fd3-4b1d-a021-7e4b9b7d70a6'),('5b6a818a-6a7d-4ab2-aa5c-4751ffc9cda0','2f055228-5fd3-4b1d-a021-7e4b9b7d70a6'),('60b77ea7-04c9-4b8a-b835-dc92c6aa196b','2f055228-5fd3-4b1d-a021-7e4b9b7d70a6'),('610ef600-53da-4e05-aaaf-b7ae4d14fcfb','2f055228-5fd3-4b1d-a021-7e4b9b7d70a6'),('62e75faa-d265-4ca1-a009-1e06f1d6ab14','2f055228-5fd3-4b1d-a021-7e4b9b7d70a6'),('695c0586-3345-4b15-bcf7-f5ecbae258e1','2f055228-5fd3-4b1d-a021-7e4b9b7d70a6'),('6a6ca355-5131-4a8d-b659-00f79b78ab1c','2f055228-5fd3-4b1d-a021-7e4b9b7d70a6'),('6a78ec0c-8410-4cbf-a915-e697a3aa798d','2f055228-5fd3-4b1d-a021-7e4b9b7d70a6'),('6d24beec-f296-473c-a34a-4dd9aab8a780','2f055228-5fd3-4b1d-a021-7e4b9b7d70a6'),('6ebec357-8589-435b-a5cb-fcd99b638fae','2f055228-5fd3-4b1d-a021-7e4b9b7d70a6'),('73544fd5-d823-4435-b0ce-854f3b2695c4','2f055228-5fd3-4b1d-a021-7e4b9b7d70a6'),('79a8f216-2454-4614-bd8f-1ed7a21a67cf','2f055228-5fd3-4b1d-a021-7e4b9b7d70a6'),('7b8ecd06-c520-4adc-b2e4-bfaa7f8bab2e','2f055228-5fd3-4b1d-a021-7e4b9b7d70a6'),('7ed82a23-cd4f-437b-be12-9c54e84281ef','2f055228-5fd3-4b1d-a021-7e4b9b7d70a6'),('836bea96-c22d-46d2-9335-b97cec4cc30a','2f055228-5fd3-4b1d-a021-7e4b9b7d70a6'),('859a8a8f-9423-4bf6-b471-d9a7f39c9c2c','2f055228-5fd3-4b1d-a021-7e4b9b7d70a6'),('85b663e1-ea70-41ff-965b-4280863a8912','2f055228-5fd3-4b1d-a021-7e4b9b7d70a6'),('8835ba11-7757-45c6-9138-f7e2e4b5f80f','2f055228-5fd3-4b1d-a021-7e4b9b7d70a6'),('89ddd0bc-2250-4094-8f6d-59b35c0f6891','2f055228-5fd3-4b1d-a021-7e4b9b7d70a6'),('8f31da8b-f2a0-4d6e-9176-008b5ba07811','2f055228-5fd3-4b1d-a021-7e4b9b7d70a6'),('8fba447b-e04f-41c5-a730-848ef02758a9','2f055228-5fd3-4b1d-a021-7e4b9b7d70a6'),('9247dcc1-711a-4ab2-b99a-f2808627d2f2','2f055228-5fd3-4b1d-a021-7e4b9b7d70a6'),('96233d68-319e-4ae0-a20f-3af55dcadb0a','2f055228-5fd3-4b1d-a021-7e4b9b7d70a6'),('96fcc267-3257-4260-a264-b3d80639b7c9','2f055228-5fd3-4b1d-a021-7e4b9b7d70a6'),('9a4d1511-f149-485c-a66b-0ca3fa105ad7','2f055228-5fd3-4b1d-a021-7e4b9b7d70a6'),('9c5a1e44-0090-464b-ac3b-89e0f65cc6e1','2f055228-5fd3-4b1d-a021-7e4b9b7d70a6'),('a12e6da9-0797-4445-9626-d5f0fa5ed775','2f055228-5fd3-4b1d-a021-7e4b9b7d70a6'),('a16c7358-bf66-4802-8933-1616b5a322db','2f055228-5fd3-4b1d-a021-7e4b9b7d70a6'),('a302bce0-cb8e-4e54-ba2b-0822b0565303','2f055228-5fd3-4b1d-a021-7e4b9b7d70a6'),('a86d9ca4-3110-42fd-9944-d866b27e3e2b','2f055228-5fd3-4b1d-a021-7e4b9b7d70a6'),('aaf389be-c794-4fb4-a6cf-619ca956898f','2f055228-5fd3-4b1d-a021-7e4b9b7d70a6'),('acd9cdca-855e-484b-baf9-ffda99d945f2','2f055228-5fd3-4b1d-a021-7e4b9b7d70a6'),('ad124633-a610-483f-862a-6f54dda19c6e','2f055228-5fd3-4b1d-a021-7e4b9b7d70a6'),('ad4cd1fe-3358-4183-8062-59e39824175c','2f055228-5fd3-4b1d-a021-7e4b9b7d70a6'),('ae787938-171f-4563-8c75-92a037fed415','2f055228-5fd3-4b1d-a021-7e4b9b7d70a6'),('af92250e-2f85-4fca-8c04-03029a1b1fad','2f055228-5fd3-4b1d-a021-7e4b9b7d70a6'),('b13b1a74-3a12-4f00-8c19-273cbedc0eaa','2f055228-5fd3-4b1d-a021-7e4b9b7d70a6'),('b180ad52-fe00-4040-97f9-9efdfc3d406d','2f055228-5fd3-4b1d-a021-7e4b9b7d70a6'),('b2c8a4cd-6e80-48c3-a1fc-07f129ee2875','2f055228-5fd3-4b1d-a021-7e4b9b7d70a6'),('b33cae89-fe4f-4c6e-a1c5-0022450f2bf2','2f055228-5fd3-4b1d-a021-7e4b9b7d70a6'),('b39cada5-3ac8-42c4-972a-3d4b412a0c5a','2f055228-5fd3-4b1d-a021-7e4b9b7d70a6'),('b493f8ca-c5d2-414a-9441-6cd4dcebcd36','2f055228-5fd3-4b1d-a021-7e4b9b7d70a6'),('b4d6d884-e50d-41eb-9b97-6395a07a43f9','2f055228-5fd3-4b1d-a021-7e4b9b7d70a6'),('b6692019-ac4a-47aa-a671-89cd79c9e11f','2f055228-5fd3-4b1d-a021-7e4b9b7d70a6'),('b7a46879-c82a-46d9-9ea9-43cbefca2f81','2f055228-5fd3-4b1d-a021-7e4b9b7d70a6'),('b9ea70be-fa25-4e4f-a330-e79d2e06ab6f','2f055228-5fd3-4b1d-a021-7e4b9b7d70a6'),('bc227cc3-0ad7-4b9a-b72a-6c2a45e6a88a','2f055228-5fd3-4b1d-a021-7e4b9b7d70a6'),('bcda6018-7286-4d8c-abfa-dda1026adf88','2f055228-5fd3-4b1d-a021-7e4b9b7d70a6'),('be13aa0e-8da7-4943-be05-5fd89f4d18e6','2f055228-5fd3-4b1d-a021-7e4b9b7d70a6'),('cd9eb9ef-2237-445a-b2be-e108d999eae8','2f055228-5fd3-4b1d-a021-7e4b9b7d70a6'),('cff8a023-eacb-4a38-a24f-a01fe9ddde18','2f055228-5fd3-4b1d-a021-7e4b9b7d70a6'),('d27f17eb-3ddd-44c0-9e8a-f3c21d933b3b','2f055228-5fd3-4b1d-a021-7e4b9b7d70a6'),('d37d7e5a-d186-45a0-a190-c065ff5922e8','2f055228-5fd3-4b1d-a021-7e4b9b7d70a6'),('d590593b-c4ef-4a9a-b631-9f4bf7a3d6c2','2f055228-5fd3-4b1d-a021-7e4b9b7d70a6'),('d8a2b39f-6174-4f1f-a14a-561a81cabce2','2f055228-5fd3-4b1d-a021-7e4b9b7d70a6'),('daa15c1b-9ca6-4042-85fd-bdb7a46d5862','2f055228-5fd3-4b1d-a021-7e4b9b7d70a6'),('dce54621-9083-4cd9-9335-a9e8861289d8','2f055228-5fd3-4b1d-a021-7e4b9b7d70a6'),('df2548db-377d-422e-b805-4e8e0c794302','2f055228-5fd3-4b1d-a021-7e4b9b7d70a6'),('e2d4feeb-4cb0-4df4-a10e-5a54748621b3','2f055228-5fd3-4b1d-a021-7e4b9b7d70a6'),('e6e428ae-bc13-4648-9e61-d01672bb5cf6','2f055228-5fd3-4b1d-a021-7e4b9b7d70a6'),('e990e07f-1b6f-4bc5-a553-ddddad30211b','2f055228-5fd3-4b1d-a021-7e4b9b7d70a6'),('ea0e2e31-1b74-4334-adf1-555d8a6d6c1e','2f055228-5fd3-4b1d-a021-7e4b9b7d70a6'),('eb3c3877-39bc-4de3-8fc3-4f3895c5b2ba','2f055228-5fd3-4b1d-a021-7e4b9b7d70a6'),('ef3f56b8-c024-471e-b7ba-be1a72c6cbec','2f055228-5fd3-4b1d-a021-7e4b9b7d70a6'),('f25b307b-4285-4902-8305-8cf908eace7a','2f055228-5fd3-4b1d-a021-7e4b9b7d70a6'),('ff46f903-411b-4a16-8e16-1aab7f00686c','2f055228-5fd3-4b1d-a021-7e4b9b7d70a6'),('3c702a05-81f1-450e-b07f-386ae8a3b124','3e73edf2-c3d6-409f-9202-213df4a7a25a'),('43803445-1874-4a3c-94e9-955fcb25089b','3e73edf2-c3d6-409f-9202-213df4a7a25a'),('645127dd-38b4-4fad-9950-57b3ce0a5301','3e73edf2-c3d6-409f-9202-213df4a7a25a'),('859a8a8f-9423-4bf6-b471-d9a7f39c9c2c','3e73edf2-c3d6-409f-9202-213df4a7a25a'),('9a4d1511-f149-485c-a66b-0ca3fa105ad7','3e73edf2-c3d6-409f-9202-213df4a7a25a'),('b4a927e4-9715-4cd2-9918-47491f97df3e','3e73edf2-c3d6-409f-9202-213df4a7a25a'),('b6ea25aa-f298-4f24-bc8c-526439f254d5','3e73edf2-c3d6-409f-9202-213df4a7a25a'),('e6c33577-5de3-4481-9147-47ef4710b986','3e73edf2-c3d6-409f-9202-213df4a7a25a'),('12ff7d06-9910-41cd-9eee-bdc21476d119','3fccec93-2842-49a0-8fdb-4008af2ef041'),('4ae40c33-23c9-47a9-b867-0a6d8f25fd8c','3fccec93-2842-49a0-8fdb-4008af2ef041'),('552b5aaf-33b7-407b-a2dc-459ab730b3a5','3fccec93-2842-49a0-8fdb-4008af2ef041'),('6a78ec0c-8410-4cbf-a915-e697a3aa798d','3fccec93-2842-49a0-8fdb-4008af2ef041'),('7354ea6c-3c0e-4800-aad8-708c29a6c067','3fccec93-2842-49a0-8fdb-4008af2ef041'),('7a958fb6-a203-441c-9f8f-3440523fed14','3fccec93-2842-49a0-8fdb-4008af2ef041'),('8835ba11-7757-45c6-9138-f7e2e4b5f80f','3fccec93-2842-49a0-8fdb-4008af2ef041'),('96233d68-319e-4ae0-a20f-3af55dcadb0a','3fccec93-2842-49a0-8fdb-4008af2ef041'),('a86d9ca4-3110-42fd-9944-d866b27e3e2b','3fccec93-2842-49a0-8fdb-4008af2ef041'),('b4a927e4-9715-4cd2-9918-47491f97df3e','3fccec93-2842-49a0-8fdb-4008af2ef041'),('b56cb489-da79-4028-bcc0-7251324606f0','3fccec93-2842-49a0-8fdb-4008af2ef041'),('d991f849-0f2f-41cb-b6d7-41feee6bc943','3fccec93-2842-49a0-8fdb-4008af2ef041'),('dbdc349b-a195-474f-9856-dbe01d08c331','3fccec93-2842-49a0-8fdb-4008af2ef041'),('3827c1d1-14d5-4643-a24b-3dca656192fa','416cddd7-746e-4715-821c-3ad30b9bc3c3'),('552b5aaf-33b7-407b-a2dc-459ab730b3a5','416cddd7-746e-4715-821c-3ad30b9bc3c3'),('62e75faa-d265-4ca1-a009-1e06f1d6ab14','416cddd7-746e-4715-821c-3ad30b9bc3c3'),('6d24beec-f296-473c-a34a-4dd9aab8a780','416cddd7-746e-4715-821c-3ad30b9bc3c3'),('9247dcc1-711a-4ab2-b99a-f2808627d2f2','416cddd7-746e-4715-821c-3ad30b9bc3c3'),('96233d68-319e-4ae0-a20f-3af55dcadb0a','416cddd7-746e-4715-821c-3ad30b9bc3c3'),('a86d9ca4-3110-42fd-9944-d866b27e3e2b','416cddd7-746e-4715-821c-3ad30b9bc3c3'),('be13aa0e-8da7-4943-be05-5fd89f4d18e6','416cddd7-746e-4715-821c-3ad30b9bc3c3'),('cd9eb9ef-2237-445a-b2be-e108d999eae8','416cddd7-746e-4715-821c-3ad30b9bc3c3'),('df2548db-377d-422e-b805-4e8e0c794302','416cddd7-746e-4715-821c-3ad30b9bc3c3'),('02d9a2b5-7dca-423f-8406-707bc76abf7e','43d414fb-0fff-4ea9-8c44-3819ec041c9b'),('0675a2d6-f64c-4be7-9a8a-f55341f09d4b','43d414fb-0fff-4ea9-8c44-3819ec041c9b'),('073084e1-1d9d-49e6-8383-42ef6f4325b5','43d414fb-0fff-4ea9-8c44-3819ec041c9b'),('09b4888f-0e06-4ab1-abbc-05e9865634d0','43d414fb-0fff-4ea9-8c44-3819ec041c9b'),('0a454f9a-eaac-488b-8443-23cf58f7ae37','43d414fb-0fff-4ea9-8c44-3819ec041c9b'),('0b96262f-2c72-464c-a182-8f58afde4288','43d414fb-0fff-4ea9-8c44-3819ec041c9b'),('0d10682b-5bd4-4fde-9427-0067fe6ff63c','43d414fb-0fff-4ea9-8c44-3819ec041c9b'),('1014dfdf-fa7a-487c-bba8-2d3076d570dc','43d414fb-0fff-4ea9-8c44-3819ec041c9b'),('10974581-bff8-4ba6-9a00-2ae42d521162','43d414fb-0fff-4ea9-8c44-3819ec041c9b'),('12ff7d06-9910-41cd-9eee-bdc21476d119','43d414fb-0fff-4ea9-8c44-3819ec041c9b'),('1385324e-d727-475c-ad30-f7dcb5afea02','43d414fb-0fff-4ea9-8c44-3819ec041c9b'),('14e9cb05-e188-4e02-ab2c-8ef425e5ea64','43d414fb-0fff-4ea9-8c44-3819ec041c9b'),('18ff54e2-dc10-4e7f-bfdb-8a7591f7f009','43d414fb-0fff-4ea9-8c44-3819ec041c9b'),('19ae5055-f503-499d-a64f-2bf7d92eff5b','43d414fb-0fff-4ea9-8c44-3819ec041c9b'),('207f5bf6-d1de-4cca-a60d-c2c48e93debc','43d414fb-0fff-4ea9-8c44-3819ec041c9b'),('279b355e-ff9a-4b85-8114-6db7ad2a4cd2','43d414fb-0fff-4ea9-8c44-3819ec041c9b'),('2b6e6650-5f69-426d-a084-71f7ad30d1f1','43d414fb-0fff-4ea9-8c44-3819ec041c9b'),('30e56424-c0f0-4e36-9523-f5e904bb3142','43d414fb-0fff-4ea9-8c44-3819ec041c9b'),('314b188e-990b-423e-ae63-f0199b8c2b17','43d414fb-0fff-4ea9-8c44-3819ec041c9b'),('328bd785-a91b-424c-afda-9e08e5155cfe','43d414fb-0fff-4ea9-8c44-3819ec041c9b'),('3290a4ef-4241-4fa5-843e-87926c74e384','43d414fb-0fff-4ea9-8c44-3819ec041c9b'),('32945f6e-5a96-4233-b8ae-048d51323d7b','43d414fb-0fff-4ea9-8c44-3819ec041c9b'),('3827c1d1-14d5-4643-a24b-3dca656192fa','43d414fb-0fff-4ea9-8c44-3819ec041c9b'),('3a60974c-0fd8-4b17-b18b-ca0fe58db88f','43d414fb-0fff-4ea9-8c44-3819ec041c9b'),('3c702a05-81f1-450e-b07f-386ae8a3b124','43d414fb-0fff-4ea9-8c44-3819ec041c9b'),('3c7eb6bc-a146-4186-bfbf-9de857286e68','43d414fb-0fff-4ea9-8c44-3819ec041c9b'),('3ebfaf23-cede-4cf0-964d-8afc17b11d02','43d414fb-0fff-4ea9-8c44-3819ec041c9b'),('4316efa3-0fb1-4aad-87c0-43ef8d3c0376','43d414fb-0fff-4ea9-8c44-3819ec041c9b'),('43803445-1874-4a3c-94e9-955fcb25089b','43d414fb-0fff-4ea9-8c44-3819ec041c9b'),('453b0b1c-6bf3-4e94-8265-082ef06ab85f','43d414fb-0fff-4ea9-8c44-3819ec041c9b'),('457ed182-b2f3-42cf-bcd7-67bfbad5d89c','43d414fb-0fff-4ea9-8c44-3819ec041c9b'),('4703b2d8-e417-4243-a6f3-044fc06f020e','43d414fb-0fff-4ea9-8c44-3819ec041c9b'),('478d6061-fc78-40c3-a1b2-0e906fb86da8','43d414fb-0fff-4ea9-8c44-3819ec041c9b'),('47b9ca37-915d-405d-861d-7dbf74559441','43d414fb-0fff-4ea9-8c44-3819ec041c9b'),('48bf9579-0f57-426e-9051-a4d3507ad7cd','43d414fb-0fff-4ea9-8c44-3819ec041c9b'),('4929d198-149e-437b-b4a1-3ae1ec0044c2','43d414fb-0fff-4ea9-8c44-3819ec041c9b'),('4ae40c33-23c9-47a9-b867-0a6d8f25fd8c','43d414fb-0fff-4ea9-8c44-3819ec041c9b'),('4aec23de-5c5c-4a54-ba6f-69c87bf96c17','43d414fb-0fff-4ea9-8c44-3819ec041c9b'),('52cc10db-af9b-499c-aa8e-670056611a7c','43d414fb-0fff-4ea9-8c44-3819ec041c9b'),('52d726db-2427-40ca-a5f0-d5c117625d1c','43d414fb-0fff-4ea9-8c44-3819ec041c9b'),('5463e312-5bf4-4764-8c06-e97c5548f712','43d414fb-0fff-4ea9-8c44-3819ec041c9b'),('552b5aaf-33b7-407b-a2dc-459ab730b3a5','43d414fb-0fff-4ea9-8c44-3819ec041c9b'),('60b77ea7-04c9-4b8a-b835-dc92c6aa196b','43d414fb-0fff-4ea9-8c44-3819ec041c9b'),('610ef600-53da-4e05-aaaf-b7ae4d14fcfb','43d414fb-0fff-4ea9-8c44-3819ec041c9b'),('62e75faa-d265-4ca1-a009-1e06f1d6ab14','43d414fb-0fff-4ea9-8c44-3819ec041c9b'),('645127dd-38b4-4fad-9950-57b3ce0a5301','43d414fb-0fff-4ea9-8c44-3819ec041c9b'),('66fb8e5d-2ad2-44be-8890-a13a9992f257','43d414fb-0fff-4ea9-8c44-3819ec041c9b'),('69165efe-190e-4f33-a228-9643c3ec15f5','43d414fb-0fff-4ea9-8c44-3819ec041c9b'),('695c0586-3345-4b15-bcf7-f5ecbae258e1','43d414fb-0fff-4ea9-8c44-3819ec041c9b'),('6a6ca355-5131-4a8d-b659-00f79b78ab1c','43d414fb-0fff-4ea9-8c44-3819ec041c9b'),('6a78ec0c-8410-4cbf-a915-e697a3aa798d','43d414fb-0fff-4ea9-8c44-3819ec041c9b'),('6d24beec-f296-473c-a34a-4dd9aab8a780','43d414fb-0fff-4ea9-8c44-3819ec041c9b'),('6f59f0c7-f3f6-419f-9a8c-9d998a3b681c','43d414fb-0fff-4ea9-8c44-3819ec041c9b'),('71641595-0021-4007-8e89-2bb776cbf6f5','43d414fb-0fff-4ea9-8c44-3819ec041c9b'),('73544fd5-d823-4435-b0ce-854f3b2695c4','43d414fb-0fff-4ea9-8c44-3819ec041c9b'),('7354ea6c-3c0e-4800-aad8-708c29a6c067','43d414fb-0fff-4ea9-8c44-3819ec041c9b'),('78ca76e7-78dc-4867-8281-50ab3dc47cdd','43d414fb-0fff-4ea9-8c44-3819ec041c9b'),('79a8f216-2454-4614-bd8f-1ed7a21a67cf','43d414fb-0fff-4ea9-8c44-3819ec041c9b'),('7a958fb6-a203-441c-9f8f-3440523fed14','43d414fb-0fff-4ea9-8c44-3819ec041c9b'),('7b8ecd06-c520-4adc-b2e4-bfaa7f8bab2e','43d414fb-0fff-4ea9-8c44-3819ec041c9b'),('7ed82a23-cd4f-437b-be12-9c54e84281ef','43d414fb-0fff-4ea9-8c44-3819ec041c9b'),('817bcb43-ba39-4925-aed6-76be4bed946b','43d414fb-0fff-4ea9-8c44-3819ec041c9b'),('832b0d5e-b00b-40fb-b640-cddd0aa0ce82','43d414fb-0fff-4ea9-8c44-3819ec041c9b'),('836bea96-c22d-46d2-9335-b97cec4cc30a','43d414fb-0fff-4ea9-8c44-3819ec041c9b'),('84f6227b-6c97-47ff-9ede-d4fbf4994d23','43d414fb-0fff-4ea9-8c44-3819ec041c9b'),('859a8a8f-9423-4bf6-b471-d9a7f39c9c2c','43d414fb-0fff-4ea9-8c44-3819ec041c9b'),('85b663e1-ea70-41ff-965b-4280863a8912','43d414fb-0fff-4ea9-8c44-3819ec041c9b'),('8835ba11-7757-45c6-9138-f7e2e4b5f80f','43d414fb-0fff-4ea9-8c44-3819ec041c9b'),('89ddd0bc-2250-4094-8f6d-59b35c0f6891','43d414fb-0fff-4ea9-8c44-3819ec041c9b'),('8f31da8b-f2a0-4d6e-9176-008b5ba07811','43d414fb-0fff-4ea9-8c44-3819ec041c9b'),('8fba447b-e04f-41c5-a730-848ef02758a9','43d414fb-0fff-4ea9-8c44-3819ec041c9b'),('9247dcc1-711a-4ab2-b99a-f2808627d2f2','43d414fb-0fff-4ea9-8c44-3819ec041c9b'),('96233d68-319e-4ae0-a20f-3af55dcadb0a','43d414fb-0fff-4ea9-8c44-3819ec041c9b'),('9684e0c7-0f21-4a00-9334-1a974e13dbc3','43d414fb-0fff-4ea9-8c44-3819ec041c9b'),('96fcc267-3257-4260-a264-b3d80639b7c9','43d414fb-0fff-4ea9-8c44-3819ec041c9b'),('98b1678d-d25c-476a-b6c3-c11978617e90','43d414fb-0fff-4ea9-8c44-3819ec041c9b'),('9a4d1511-f149-485c-a66b-0ca3fa105ad7','43d414fb-0fff-4ea9-8c44-3819ec041c9b'),('9c5a1e44-0090-464b-ac3b-89e0f65cc6e1','43d414fb-0fff-4ea9-8c44-3819ec041c9b'),('9c7d3ecd-9592-4910-bd04-91c59e8350f1','43d414fb-0fff-4ea9-8c44-3819ec041c9b'),('a12e6da9-0797-4445-9626-d5f0fa5ed775','43d414fb-0fff-4ea9-8c44-3819ec041c9b'),('a16c7358-bf66-4802-8933-1616b5a322db','43d414fb-0fff-4ea9-8c44-3819ec041c9b'),('a302bce0-cb8e-4e54-ba2b-0822b0565303','43d414fb-0fff-4ea9-8c44-3819ec041c9b'),('a86d9ca4-3110-42fd-9944-d866b27e3e2b','43d414fb-0fff-4ea9-8c44-3819ec041c9b'),('aaf389be-c794-4fb4-a6cf-619ca956898f','43d414fb-0fff-4ea9-8c44-3819ec041c9b'),('acd9cdca-855e-484b-baf9-ffda99d945f2','43d414fb-0fff-4ea9-8c44-3819ec041c9b'),('ad124633-a610-483f-862a-6f54dda19c6e','43d414fb-0fff-4ea9-8c44-3819ec041c9b'),('ad4cd1fe-3358-4183-8062-59e39824175c','43d414fb-0fff-4ea9-8c44-3819ec041c9b'),('ae787938-171f-4563-8c75-92a037fed415','43d414fb-0fff-4ea9-8c44-3819ec041c9b'),('af92250e-2f85-4fca-8c04-03029a1b1fad','43d414fb-0fff-4ea9-8c44-3819ec041c9b'),('b13b1a74-3a12-4f00-8c19-273cbedc0eaa','43d414fb-0fff-4ea9-8c44-3819ec041c9b'),('b180ad52-fe00-4040-97f9-9efdfc3d406d','43d414fb-0fff-4ea9-8c44-3819ec041c9b'),('b2c8a4cd-6e80-48c3-a1fc-07f129ee2875','43d414fb-0fff-4ea9-8c44-3819ec041c9b'),('b33cae89-fe4f-4c6e-a1c5-0022450f2bf2','43d414fb-0fff-4ea9-8c44-3819ec041c9b'),('b39cada5-3ac8-42c4-972a-3d4b412a0c5a','43d414fb-0fff-4ea9-8c44-3819ec041c9b'),('b493f8ca-c5d2-414a-9441-6cd4dcebcd36','43d414fb-0fff-4ea9-8c44-3819ec041c9b'),('b4a927e4-9715-4cd2-9918-47491f97df3e','43d414fb-0fff-4ea9-8c44-3819ec041c9b'),('b4d6d884-e50d-41eb-9b97-6395a07a43f9','43d414fb-0fff-4ea9-8c44-3819ec041c9b'),('b56cb489-da79-4028-bcc0-7251324606f0','43d414fb-0fff-4ea9-8c44-3819ec041c9b'),('b5880e7d-c4b7-497e-ac1a-12826327132f','43d414fb-0fff-4ea9-8c44-3819ec041c9b'),('b6692019-ac4a-47aa-a671-89cd79c9e11f','43d414fb-0fff-4ea9-8c44-3819ec041c9b'),('b6ea25aa-f298-4f24-bc8c-526439f254d5','43d414fb-0fff-4ea9-8c44-3819ec041c9b'),('b7a46879-c82a-46d9-9ea9-43cbefca2f81','43d414fb-0fff-4ea9-8c44-3819ec041c9b'),('b9ea70be-fa25-4e4f-a330-e79d2e06ab6f','43d414fb-0fff-4ea9-8c44-3819ec041c9b'),('bc227cc3-0ad7-4b9a-b72a-6c2a45e6a88a','43d414fb-0fff-4ea9-8c44-3819ec041c9b'),('bcda6018-7286-4d8c-abfa-dda1026adf88','43d414fb-0fff-4ea9-8c44-3819ec041c9b'),('c29b5191-ac68-4e9b-a68f-aa42ea1dcb01','43d414fb-0fff-4ea9-8c44-3819ec041c9b'),('cb681375-76ad-41d4-ac03-7fe74df9aed3','43d414fb-0fff-4ea9-8c44-3819ec041c9b'),('cd9eb9ef-2237-445a-b2be-e108d999eae8','43d414fb-0fff-4ea9-8c44-3819ec041c9b'),('d27f17eb-3ddd-44c0-9e8a-f3c21d933b3b','43d414fb-0fff-4ea9-8c44-3819ec041c9b'),('d37d7e5a-d186-45a0-a190-c065ff5922e8','43d414fb-0fff-4ea9-8c44-3819ec041c9b'),('d590593b-c4ef-4a9a-b631-9f4bf7a3d6c2','43d414fb-0fff-4ea9-8c44-3819ec041c9b'),('d8a2b39f-6174-4f1f-a14a-561a81cabce2','43d414fb-0fff-4ea9-8c44-3819ec041c9b'),('d991f849-0f2f-41cb-b6d7-41feee6bc943','43d414fb-0fff-4ea9-8c44-3819ec041c9b'),('daa15c1b-9ca6-4042-85fd-bdb7a46d5862','43d414fb-0fff-4ea9-8c44-3819ec041c9b'),('dbdc349b-a195-474f-9856-dbe01d08c331','43d414fb-0fff-4ea9-8c44-3819ec041c9b'),('df2548db-377d-422e-b805-4e8e0c794302','43d414fb-0fff-4ea9-8c44-3819ec041c9b'),('e3f28357-a476-4032-8726-4ac7262cbc72','43d414fb-0fff-4ea9-8c44-3819ec041c9b'),('e551a4a6-7701-41de-be62-aae869888c78','43d414fb-0fff-4ea9-8c44-3819ec041c9b'),('e6c33577-5de3-4481-9147-47ef4710b986','43d414fb-0fff-4ea9-8c44-3819ec041c9b'),('e6e428ae-bc13-4648-9e61-d01672bb5cf6','43d414fb-0fff-4ea9-8c44-3819ec041c9b'),('e979e012-bcb1-47ea-bb39-140cdfe0f917','43d414fb-0fff-4ea9-8c44-3819ec041c9b'),('e990e07f-1b6f-4bc5-a553-ddddad30211b','43d414fb-0fff-4ea9-8c44-3819ec041c9b'),('ea0e2e31-1b74-4334-adf1-555d8a6d6c1e','43d414fb-0fff-4ea9-8c44-3819ec041c9b'),('eb3c3877-39bc-4de3-8fc3-4f3895c5b2ba','43d414fb-0fff-4ea9-8c44-3819ec041c9b'),('ef3f56b8-c024-471e-b7ba-be1a72c6cbec','43d414fb-0fff-4ea9-8c44-3819ec041c9b'),('f19fa153-154e-440b-9f4b-debee403b0d2','43d414fb-0fff-4ea9-8c44-3819ec041c9b'),('f25b307b-4285-4902-8305-8cf908eace7a','43d414fb-0fff-4ea9-8c44-3819ec041c9b'),('ff46f903-411b-4a16-8e16-1aab7f00686c','43d414fb-0fff-4ea9-8c44-3819ec041c9b'),('ffcc9c22-759e-4418-b788-81eda89c2865','43d414fb-0fff-4ea9-8c44-3819ec041c9b'),('02d9a2b5-7dca-423f-8406-707bc76abf7e','43de9883-8b2d-44dc-81d3-8b719ea50734'),('0675a2d6-f64c-4be7-9a8a-f55341f09d4b','43de9883-8b2d-44dc-81d3-8b719ea50734'),('073084e1-1d9d-49e6-8383-42ef6f4325b5','43de9883-8b2d-44dc-81d3-8b719ea50734'),('09b4888f-0e06-4ab1-abbc-05e9865634d0','43de9883-8b2d-44dc-81d3-8b719ea50734'),('0b96262f-2c72-464c-a182-8f58afde4288','43de9883-8b2d-44dc-81d3-8b719ea50734'),('0d10682b-5bd4-4fde-9427-0067fe6ff63c','43de9883-8b2d-44dc-81d3-8b719ea50734'),('0feb3595-1c64-4bad-816c-769446217d4f','43de9883-8b2d-44dc-81d3-8b719ea50734'),('1014dfdf-fa7a-487c-bba8-2d3076d570dc','43de9883-8b2d-44dc-81d3-8b719ea50734'),('10974581-bff8-4ba6-9a00-2ae42d521162','43de9883-8b2d-44dc-81d3-8b719ea50734'),('1385324e-d727-475c-ad30-f7dcb5afea02','43de9883-8b2d-44dc-81d3-8b719ea50734'),('14e9cb05-e188-4e02-ab2c-8ef425e5ea64','43de9883-8b2d-44dc-81d3-8b719ea50734'),('18ff54e2-dc10-4e7f-bfdb-8a7591f7f009','43de9883-8b2d-44dc-81d3-8b719ea50734'),('19ae5055-f503-499d-a64f-2bf7d92eff5b','43de9883-8b2d-44dc-81d3-8b719ea50734'),('1ff1963c-7afa-470c-bc05-562b01549b09','43de9883-8b2d-44dc-81d3-8b719ea50734'),('207f5bf6-d1de-4cca-a60d-c2c48e93debc','43de9883-8b2d-44dc-81d3-8b719ea50734'),('279b355e-ff9a-4b85-8114-6db7ad2a4cd2','43de9883-8b2d-44dc-81d3-8b719ea50734'),('30e56424-c0f0-4e36-9523-f5e904bb3142','43de9883-8b2d-44dc-81d3-8b719ea50734'),('314b188e-990b-423e-ae63-f0199b8c2b17','43de9883-8b2d-44dc-81d3-8b719ea50734'),('31568a3f-d5b1-47d1-b2ee-74339059e3a0','43de9883-8b2d-44dc-81d3-8b719ea50734'),('328bd785-a91b-424c-afda-9e08e5155cfe','43de9883-8b2d-44dc-81d3-8b719ea50734'),('3290a4ef-4241-4fa5-843e-87926c74e384','43de9883-8b2d-44dc-81d3-8b719ea50734'),('32945f6e-5a96-4233-b8ae-048d51323d7b','43de9883-8b2d-44dc-81d3-8b719ea50734'),('3827c1d1-14d5-4643-a24b-3dca656192fa','43de9883-8b2d-44dc-81d3-8b719ea50734'),('38e38612-a626-47a9-a699-05efa178e155','43de9883-8b2d-44dc-81d3-8b719ea50734'),('38f1bc75-713e-4f09-b02f-d26a4c43ac63','43de9883-8b2d-44dc-81d3-8b719ea50734'),('3a60974c-0fd8-4b17-b18b-ca0fe58db88f','43de9883-8b2d-44dc-81d3-8b719ea50734'),('3c702a05-81f1-450e-b07f-386ae8a3b124','43de9883-8b2d-44dc-81d3-8b719ea50734'),('3c7eb6bc-a146-4186-bfbf-9de857286e68','43de9883-8b2d-44dc-81d3-8b719ea50734'),('3ebfaf23-cede-4cf0-964d-8afc17b11d02','43de9883-8b2d-44dc-81d3-8b719ea50734'),('43803445-1874-4a3c-94e9-955fcb25089b','43de9883-8b2d-44dc-81d3-8b719ea50734'),('453b0b1c-6bf3-4e94-8265-082ef06ab85f','43de9883-8b2d-44dc-81d3-8b719ea50734'),('457ed182-b2f3-42cf-bcd7-67bfbad5d89c','43de9883-8b2d-44dc-81d3-8b719ea50734'),('4703b2d8-e417-4243-a6f3-044fc06f020e','43de9883-8b2d-44dc-81d3-8b719ea50734'),('478d6061-fc78-40c3-a1b2-0e906fb86da8','43de9883-8b2d-44dc-81d3-8b719ea50734'),('47b9ca37-915d-405d-861d-7dbf74559441','43de9883-8b2d-44dc-81d3-8b719ea50734'),('48a5d328-3905-4cb5-b634-ddce3f593390','43de9883-8b2d-44dc-81d3-8b719ea50734'),('48bf9579-0f57-426e-9051-a4d3507ad7cd','43de9883-8b2d-44dc-81d3-8b719ea50734'),('4929d198-149e-437b-b4a1-3ae1ec0044c2','43de9883-8b2d-44dc-81d3-8b719ea50734'),('52cc10db-af9b-499c-aa8e-670056611a7c','43de9883-8b2d-44dc-81d3-8b719ea50734'),('52d726db-2427-40ca-a5f0-d5c117625d1c','43de9883-8b2d-44dc-81d3-8b719ea50734'),('5463e312-5bf4-4764-8c06-e97c5548f712','43de9883-8b2d-44dc-81d3-8b719ea50734'),('552b5aaf-33b7-407b-a2dc-459ab730b3a5','43de9883-8b2d-44dc-81d3-8b719ea50734'),('5b6a818a-6a7d-4ab2-aa5c-4751ffc9cda0','43de9883-8b2d-44dc-81d3-8b719ea50734'),('610ef600-53da-4e05-aaaf-b7ae4d14fcfb','43de9883-8b2d-44dc-81d3-8b719ea50734'),('62e75faa-d265-4ca1-a009-1e06f1d6ab14','43de9883-8b2d-44dc-81d3-8b719ea50734'),('645127dd-38b4-4fad-9950-57b3ce0a5301','43de9883-8b2d-44dc-81d3-8b719ea50734'),('66fb8e5d-2ad2-44be-8890-a13a9992f257','43de9883-8b2d-44dc-81d3-8b719ea50734'),('695c0586-3345-4b15-bcf7-f5ecbae258e1','43de9883-8b2d-44dc-81d3-8b719ea50734'),('6a6ca355-5131-4a8d-b659-00f79b78ab1c','43de9883-8b2d-44dc-81d3-8b719ea50734'),('6a78ec0c-8410-4cbf-a915-e697a3aa798d','43de9883-8b2d-44dc-81d3-8b719ea50734'),('6d24beec-f296-473c-a34a-4dd9aab8a780','43de9883-8b2d-44dc-81d3-8b719ea50734'),('6ebec357-8589-435b-a5cb-fcd99b638fae','43de9883-8b2d-44dc-81d3-8b719ea50734'),('6f59f0c7-f3f6-419f-9a8c-9d998a3b681c','43de9883-8b2d-44dc-81d3-8b719ea50734'),('73544fd5-d823-4435-b0ce-854f3b2695c4','43de9883-8b2d-44dc-81d3-8b719ea50734'),('78ca76e7-78dc-4867-8281-50ab3dc47cdd','43de9883-8b2d-44dc-81d3-8b719ea50734'),('79a8f216-2454-4614-bd8f-1ed7a21a67cf','43de9883-8b2d-44dc-81d3-8b719ea50734'),('7a958fb6-a203-441c-9f8f-3440523fed14','43de9883-8b2d-44dc-81d3-8b719ea50734'),('7b8ecd06-c520-4adc-b2e4-bfaa7f8bab2e','43de9883-8b2d-44dc-81d3-8b719ea50734'),('7eceb696-213d-42cf-a58d-fa2e47cfdada','43de9883-8b2d-44dc-81d3-8b719ea50734'),('7ed82a23-cd4f-437b-be12-9c54e84281ef','43de9883-8b2d-44dc-81d3-8b719ea50734'),('817bcb43-ba39-4925-aed6-76be4bed946b','43de9883-8b2d-44dc-81d3-8b719ea50734'),('832b0d5e-b00b-40fb-b640-cddd0aa0ce82','43de9883-8b2d-44dc-81d3-8b719ea50734'),('836bea96-c22d-46d2-9335-b97cec4cc30a','43de9883-8b2d-44dc-81d3-8b719ea50734'),('84f6227b-6c97-47ff-9ede-d4fbf4994d23','43de9883-8b2d-44dc-81d3-8b719ea50734'),('859a8a8f-9423-4bf6-b471-d9a7f39c9c2c','43de9883-8b2d-44dc-81d3-8b719ea50734'),('85b663e1-ea70-41ff-965b-4280863a8912','43de9883-8b2d-44dc-81d3-8b719ea50734'),('89ddd0bc-2250-4094-8f6d-59b35c0f6891','43de9883-8b2d-44dc-81d3-8b719ea50734'),('8c2f2c57-a172-4689-a070-cbb4cd456c5c','43de9883-8b2d-44dc-81d3-8b719ea50734'),('8f31da8b-f2a0-4d6e-9176-008b5ba07811','43de9883-8b2d-44dc-81d3-8b719ea50734'),('8fba447b-e04f-41c5-a730-848ef02758a9','43de9883-8b2d-44dc-81d3-8b719ea50734'),('9247dcc1-711a-4ab2-b99a-f2808627d2f2','43de9883-8b2d-44dc-81d3-8b719ea50734'),('96233d68-319e-4ae0-a20f-3af55dcadb0a','43de9883-8b2d-44dc-81d3-8b719ea50734'),('9684e0c7-0f21-4a00-9334-1a974e13dbc3','43de9883-8b2d-44dc-81d3-8b719ea50734'),('96fcc267-3257-4260-a264-b3d80639b7c9','43de9883-8b2d-44dc-81d3-8b719ea50734'),('98b1678d-d25c-476a-b6c3-c11978617e90','43de9883-8b2d-44dc-81d3-8b719ea50734'),('9a4d1511-f149-485c-a66b-0ca3fa105ad7','43de9883-8b2d-44dc-81d3-8b719ea50734'),('a12e6da9-0797-4445-9626-d5f0fa5ed775','43de9883-8b2d-44dc-81d3-8b719ea50734'),('a16c7358-bf66-4802-8933-1616b5a322db','43de9883-8b2d-44dc-81d3-8b719ea50734'),('a302bce0-cb8e-4e54-ba2b-0822b0565303','43de9883-8b2d-44dc-81d3-8b719ea50734'),('a86d9ca4-3110-42fd-9944-d866b27e3e2b','43de9883-8b2d-44dc-81d3-8b719ea50734'),('aaf389be-c794-4fb4-a6cf-619ca956898f','43de9883-8b2d-44dc-81d3-8b719ea50734'),('acd9cdca-855e-484b-baf9-ffda99d945f2','43de9883-8b2d-44dc-81d3-8b719ea50734'),('ad124633-a610-483f-862a-6f54dda19c6e','43de9883-8b2d-44dc-81d3-8b719ea50734'),('ad4cd1fe-3358-4183-8062-59e39824175c','43de9883-8b2d-44dc-81d3-8b719ea50734'),('ae787938-171f-4563-8c75-92a037fed415','43de9883-8b2d-44dc-81d3-8b719ea50734'),('af2946ec-c08b-4c93-9f0f-9175763181a1','43de9883-8b2d-44dc-81d3-8b719ea50734'),('af92250e-2f85-4fca-8c04-03029a1b1fad','43de9883-8b2d-44dc-81d3-8b719ea50734'),('b13b1a74-3a12-4f00-8c19-273cbedc0eaa','43de9883-8b2d-44dc-81d3-8b719ea50734'),('b180ad52-fe00-4040-97f9-9efdfc3d406d','43de9883-8b2d-44dc-81d3-8b719ea50734'),('b2c8a4cd-6e80-48c3-a1fc-07f129ee2875','43de9883-8b2d-44dc-81d3-8b719ea50734'),('b324eb47-73a1-4680-81d8-71d4b1ea4c30','43de9883-8b2d-44dc-81d3-8b719ea50734'),('b39cada5-3ac8-42c4-972a-3d4b412a0c5a','43de9883-8b2d-44dc-81d3-8b719ea50734'),('b493f8ca-c5d2-414a-9441-6cd4dcebcd36','43de9883-8b2d-44dc-81d3-8b719ea50734'),('b4a927e4-9715-4cd2-9918-47491f97df3e','43de9883-8b2d-44dc-81d3-8b719ea50734'),('b4d6d884-e50d-41eb-9b97-6395a07a43f9','43de9883-8b2d-44dc-81d3-8b719ea50734'),('b6692019-ac4a-47aa-a671-89cd79c9e11f','43de9883-8b2d-44dc-81d3-8b719ea50734'),('b6ea25aa-f298-4f24-bc8c-526439f254d5','43de9883-8b2d-44dc-81d3-8b719ea50734'),('b7a46879-c82a-46d9-9ea9-43cbefca2f81','43de9883-8b2d-44dc-81d3-8b719ea50734'),('bb86e624-9ecb-4aca-a713-8cd6984f25a0','43de9883-8b2d-44dc-81d3-8b719ea50734'),('bc227cc3-0ad7-4b9a-b72a-6c2a45e6a88a','43de9883-8b2d-44dc-81d3-8b719ea50734'),('bcda6018-7286-4d8c-abfa-dda1026adf88','43de9883-8b2d-44dc-81d3-8b719ea50734'),('be13aa0e-8da7-4943-be05-5fd89f4d18e6','43de9883-8b2d-44dc-81d3-8b719ea50734'),('be89d2ce-231e-4205-a8c1-e6bcf5990302','43de9883-8b2d-44dc-81d3-8b719ea50734'),('c29b5191-ac68-4e9b-a68f-aa42ea1dcb01','43de9883-8b2d-44dc-81d3-8b719ea50734'),('cd9eb9ef-2237-445a-b2be-e108d999eae8','43de9883-8b2d-44dc-81d3-8b719ea50734'),('d27f17eb-3ddd-44c0-9e8a-f3c21d933b3b','43de9883-8b2d-44dc-81d3-8b719ea50734'),('d37d7e5a-d186-45a0-a190-c065ff5922e8','43de9883-8b2d-44dc-81d3-8b719ea50734'),('d3fc84bb-8ccd-4457-99a8-91dda88dc64d','43de9883-8b2d-44dc-81d3-8b719ea50734'),('d590593b-c4ef-4a9a-b631-9f4bf7a3d6c2','43de9883-8b2d-44dc-81d3-8b719ea50734'),('d72f839c-9390-4085-9d39-b45144c9c3c8','43de9883-8b2d-44dc-81d3-8b719ea50734'),('d8a2b39f-6174-4f1f-a14a-561a81cabce2','43de9883-8b2d-44dc-81d3-8b719ea50734'),('d991f849-0f2f-41cb-b6d7-41feee6bc943','43de9883-8b2d-44dc-81d3-8b719ea50734'),('daa15c1b-9ca6-4042-85fd-bdb7a46d5862','43de9883-8b2d-44dc-81d3-8b719ea50734'),('dbdc349b-a195-474f-9856-dbe01d08c331','43de9883-8b2d-44dc-81d3-8b719ea50734'),('dce54621-9083-4cd9-9335-a9e8861289d8','43de9883-8b2d-44dc-81d3-8b719ea50734'),('df2548db-377d-422e-b805-4e8e0c794302','43de9883-8b2d-44dc-81d3-8b719ea50734'),('e2d4feeb-4cb0-4df4-a10e-5a54748621b3','43de9883-8b2d-44dc-81d3-8b719ea50734'),('e3f28357-a476-4032-8726-4ac7262cbc72','43de9883-8b2d-44dc-81d3-8b719ea50734'),('e551a4a6-7701-41de-be62-aae869888c78','43de9883-8b2d-44dc-81d3-8b719ea50734'),('e58517c1-3214-465f-a982-78208a3266c0','43de9883-8b2d-44dc-81d3-8b719ea50734'),('e6e428ae-bc13-4648-9e61-d01672bb5cf6','43de9883-8b2d-44dc-81d3-8b719ea50734'),('e979e012-bcb1-47ea-bb39-140cdfe0f917','43de9883-8b2d-44dc-81d3-8b719ea50734'),('e990e07f-1b6f-4bc5-a553-ddddad30211b','43de9883-8b2d-44dc-81d3-8b719ea50734'),('ea0e2e31-1b74-4334-adf1-555d8a6d6c1e','43de9883-8b2d-44dc-81d3-8b719ea50734'),('eb3c3877-39bc-4de3-8fc3-4f3895c5b2ba','43de9883-8b2d-44dc-81d3-8b719ea50734'),('f19fa153-154e-440b-9f4b-debee403b0d2','43de9883-8b2d-44dc-81d3-8b719ea50734'),('ff46f903-411b-4a16-8e16-1aab7f00686c','43de9883-8b2d-44dc-81d3-8b719ea50734'),('0675a2d6-f64c-4be7-9a8a-f55341f09d4b','47327246-6852-4c70-b3db-77077ab61a32'),('073084e1-1d9d-49e6-8383-42ef6f4325b5','47327246-6852-4c70-b3db-77077ab61a32'),('0b96262f-2c72-464c-a182-8f58afde4288','47327246-6852-4c70-b3db-77077ab61a32'),('0d10682b-5bd4-4fde-9427-0067fe6ff63c','47327246-6852-4c70-b3db-77077ab61a32'),('0feb3595-1c64-4bad-816c-769446217d4f','47327246-6852-4c70-b3db-77077ab61a32'),('10974581-bff8-4ba6-9a00-2ae42d521162','47327246-6852-4c70-b3db-77077ab61a32'),('12ff7d06-9910-41cd-9eee-bdc21476d119','47327246-6852-4c70-b3db-77077ab61a32'),('19ae5055-f503-499d-a64f-2bf7d92eff5b','47327246-6852-4c70-b3db-77077ab61a32'),('1ff1963c-7afa-470c-bc05-562b01549b09','47327246-6852-4c70-b3db-77077ab61a32'),('207f5bf6-d1de-4cca-a60d-c2c48e93debc','47327246-6852-4c70-b3db-77077ab61a32'),('279b355e-ff9a-4b85-8114-6db7ad2a4cd2','47327246-6852-4c70-b3db-77077ab61a32'),('2b6e6650-5f69-426d-a084-71f7ad30d1f1','47327246-6852-4c70-b3db-77077ab61a32'),('3827c1d1-14d5-4643-a24b-3dca656192fa','47327246-6852-4c70-b3db-77077ab61a32'),('38e38612-a626-47a9-a699-05efa178e155','47327246-6852-4c70-b3db-77077ab61a32'),('3a60974c-0fd8-4b17-b18b-ca0fe58db88f','47327246-6852-4c70-b3db-77077ab61a32'),('3c7eb6bc-a146-4186-bfbf-9de857286e68','47327246-6852-4c70-b3db-77077ab61a32'),('3ebfaf23-cede-4cf0-964d-8afc17b11d02','47327246-6852-4c70-b3db-77077ab61a32'),('4316efa3-0fb1-4aad-87c0-43ef8d3c0376','47327246-6852-4c70-b3db-77077ab61a32'),('43803445-1874-4a3c-94e9-955fcb25089b','47327246-6852-4c70-b3db-77077ab61a32'),('457ed182-b2f3-42cf-bcd7-67bfbad5d89c','47327246-6852-4c70-b3db-77077ab61a32'),('48a5d328-3905-4cb5-b634-ddce3f593390','47327246-6852-4c70-b3db-77077ab61a32'),('48bf9579-0f57-426e-9051-a4d3507ad7cd','47327246-6852-4c70-b3db-77077ab61a32'),('4929d198-149e-437b-b4a1-3ae1ec0044c2','47327246-6852-4c70-b3db-77077ab61a32'),('4ae40c33-23c9-47a9-b867-0a6d8f25fd8c','47327246-6852-4c70-b3db-77077ab61a32'),('52cc10db-af9b-499c-aa8e-670056611a7c','47327246-6852-4c70-b3db-77077ab61a32'),('52d726db-2427-40ca-a5f0-d5c117625d1c','47327246-6852-4c70-b3db-77077ab61a32'),('5463e312-5bf4-4764-8c06-e97c5548f712','47327246-6852-4c70-b3db-77077ab61a32'),('5496570c-3d6a-48c8-8864-cadbbfd713dc','47327246-6852-4c70-b3db-77077ab61a32'),('552b5aaf-33b7-407b-a2dc-459ab730b3a5','47327246-6852-4c70-b3db-77077ab61a32'),('5b6a818a-6a7d-4ab2-aa5c-4751ffc9cda0','47327246-6852-4c70-b3db-77077ab61a32'),('60b77ea7-04c9-4b8a-b835-dc92c6aa196b','47327246-6852-4c70-b3db-77077ab61a32'),('62e75faa-d265-4ca1-a009-1e06f1d6ab14','47327246-6852-4c70-b3db-77077ab61a32'),('645127dd-38b4-4fad-9950-57b3ce0a5301','47327246-6852-4c70-b3db-77077ab61a32'),('66fb8e5d-2ad2-44be-8890-a13a9992f257','47327246-6852-4c70-b3db-77077ab61a32'),('6d24beec-f296-473c-a34a-4dd9aab8a780','47327246-6852-4c70-b3db-77077ab61a32'),('6ebec357-8589-435b-a5cb-fcd99b638fae','47327246-6852-4c70-b3db-77077ab61a32'),('6f59f0c7-f3f6-419f-9a8c-9d998a3b681c','47327246-6852-4c70-b3db-77077ab61a32'),('71641595-0021-4007-8e89-2bb776cbf6f5','47327246-6852-4c70-b3db-77077ab61a32'),('73544fd5-d823-4435-b0ce-854f3b2695c4','47327246-6852-4c70-b3db-77077ab61a32'),('7354ea6c-3c0e-4800-aad8-708c29a6c067','47327246-6852-4c70-b3db-77077ab61a32'),('78ca76e7-78dc-4867-8281-50ab3dc47cdd','47327246-6852-4c70-b3db-77077ab61a32'),('7b8ecd06-c520-4adc-b2e4-bfaa7f8bab2e','47327246-6852-4c70-b3db-77077ab61a32'),('7eceb696-213d-42cf-a58d-fa2e47cfdada','47327246-6852-4c70-b3db-77077ab61a32'),('7ed82a23-cd4f-437b-be12-9c54e84281ef','47327246-6852-4c70-b3db-77077ab61a32'),('832b0d5e-b00b-40fb-b640-cddd0aa0ce82','47327246-6852-4c70-b3db-77077ab61a32'),('85b663e1-ea70-41ff-965b-4280863a8912','47327246-6852-4c70-b3db-77077ab61a32'),('89ddd0bc-2250-4094-8f6d-59b35c0f6891','47327246-6852-4c70-b3db-77077ab61a32'),('8f31da8b-f2a0-4d6e-9176-008b5ba07811','47327246-6852-4c70-b3db-77077ab61a32'),('8fba447b-e04f-41c5-a730-848ef02758a9','47327246-6852-4c70-b3db-77077ab61a32'),('9247dcc1-711a-4ab2-b99a-f2808627d2f2','47327246-6852-4c70-b3db-77077ab61a32'),('96233d68-319e-4ae0-a20f-3af55dcadb0a','47327246-6852-4c70-b3db-77077ab61a32'),('96fcc267-3257-4260-a264-b3d80639b7c9','47327246-6852-4c70-b3db-77077ab61a32'),('98b1678d-d25c-476a-b6c3-c11978617e90','47327246-6852-4c70-b3db-77077ab61a32'),('9a4d1511-f149-485c-a66b-0ca3fa105ad7','47327246-6852-4c70-b3db-77077ab61a32'),('9c5a1e44-0090-464b-ac3b-89e0f65cc6e1','47327246-6852-4c70-b3db-77077ab61a32'),('a12e6da9-0797-4445-9626-d5f0fa5ed775','47327246-6852-4c70-b3db-77077ab61a32'),('a86d9ca4-3110-42fd-9944-d866b27e3e2b','47327246-6852-4c70-b3db-77077ab61a32'),('acd9cdca-855e-484b-baf9-ffda99d945f2','47327246-6852-4c70-b3db-77077ab61a32'),('ad124633-a610-483f-862a-6f54dda19c6e','47327246-6852-4c70-b3db-77077ab61a32'),('af2946ec-c08b-4c93-9f0f-9175763181a1','47327246-6852-4c70-b3db-77077ab61a32'),('af92250e-2f85-4fca-8c04-03029a1b1fad','47327246-6852-4c70-b3db-77077ab61a32'),('b13b1a74-3a12-4f00-8c19-273cbedc0eaa','47327246-6852-4c70-b3db-77077ab61a32'),('b180ad52-fe00-4040-97f9-9efdfc3d406d','47327246-6852-4c70-b3db-77077ab61a32'),('b2c8a4cd-6e80-48c3-a1fc-07f129ee2875','47327246-6852-4c70-b3db-77077ab61a32'),('b324eb47-73a1-4680-81d8-71d4b1ea4c30','47327246-6852-4c70-b3db-77077ab61a32'),('b39cada5-3ac8-42c4-972a-3d4b412a0c5a','47327246-6852-4c70-b3db-77077ab61a32'),('b493f8ca-c5d2-414a-9441-6cd4dcebcd36','47327246-6852-4c70-b3db-77077ab61a32'),('b5880e7d-c4b7-497e-ac1a-12826327132f','47327246-6852-4c70-b3db-77077ab61a32'),('b6ea25aa-f298-4f24-bc8c-526439f254d5','47327246-6852-4c70-b3db-77077ab61a32'),('b9ea70be-fa25-4e4f-a330-e79d2e06ab6f','47327246-6852-4c70-b3db-77077ab61a32'),('bb86e624-9ecb-4aca-a713-8cd6984f25a0','47327246-6852-4c70-b3db-77077ab61a32'),('bc227cc3-0ad7-4b9a-b72a-6c2a45e6a88a','47327246-6852-4c70-b3db-77077ab61a32'),('bcda6018-7286-4d8c-abfa-dda1026adf88','47327246-6852-4c70-b3db-77077ab61a32'),('be13aa0e-8da7-4943-be05-5fd89f4d18e6','47327246-6852-4c70-b3db-77077ab61a32'),('be89d2ce-231e-4205-a8c1-e6bcf5990302','47327246-6852-4c70-b3db-77077ab61a32'),('cb681375-76ad-41d4-ac03-7fe74df9aed3','47327246-6852-4c70-b3db-77077ab61a32'),('cd9eb9ef-2237-445a-b2be-e108d999eae8','47327246-6852-4c70-b3db-77077ab61a32'),('cff8a023-eacb-4a38-a24f-a01fe9ddde18','47327246-6852-4c70-b3db-77077ab61a32'),('d27f17eb-3ddd-44c0-9e8a-f3c21d933b3b','47327246-6852-4c70-b3db-77077ab61a32'),('d37d7e5a-d186-45a0-a190-c065ff5922e8','47327246-6852-4c70-b3db-77077ab61a32'),('d590593b-c4ef-4a9a-b631-9f4bf7a3d6c2','47327246-6852-4c70-b3db-77077ab61a32'),('d72f839c-9390-4085-9d39-b45144c9c3c8','47327246-6852-4c70-b3db-77077ab61a32'),('e58517c1-3214-465f-a982-78208a3266c0','47327246-6852-4c70-b3db-77077ab61a32'),('e6c33577-5de3-4481-9147-47ef4710b986','47327246-6852-4c70-b3db-77077ab61a32'),('e979e012-bcb1-47ea-bb39-140cdfe0f917','47327246-6852-4c70-b3db-77077ab61a32'),('e990e07f-1b6f-4bc5-a553-ddddad30211b','47327246-6852-4c70-b3db-77077ab61a32'),('ef3f56b8-c024-471e-b7ba-be1a72c6cbec','47327246-6852-4c70-b3db-77077ab61a32'),('f25b307b-4285-4902-8305-8cf908eace7a','47327246-6852-4c70-b3db-77077ab61a32'),('02d9a2b5-7dca-423f-8406-707bc76abf7e','49fcaedc-481a-4e05-934f-4867988c8ec5'),('0675a2d6-f64c-4be7-9a8a-f55341f09d4b','49fcaedc-481a-4e05-934f-4867988c8ec5'),('073084e1-1d9d-49e6-8383-42ef6f4325b5','49fcaedc-481a-4e05-934f-4867988c8ec5'),('09b4888f-0e06-4ab1-abbc-05e9865634d0','49fcaedc-481a-4e05-934f-4867988c8ec5'),('0a454f9a-eaac-488b-8443-23cf58f7ae37','49fcaedc-481a-4e05-934f-4867988c8ec5'),('0b96262f-2c72-464c-a182-8f58afde4288','49fcaedc-481a-4e05-934f-4867988c8ec5'),('0d10682b-5bd4-4fde-9427-0067fe6ff63c','49fcaedc-481a-4e05-934f-4867988c8ec5'),('1014dfdf-fa7a-487c-bba8-2d3076d570dc','49fcaedc-481a-4e05-934f-4867988c8ec5'),('10974581-bff8-4ba6-9a00-2ae42d521162','49fcaedc-481a-4e05-934f-4867988c8ec5'),('12ff7d06-9910-41cd-9eee-bdc21476d119','49fcaedc-481a-4e05-934f-4867988c8ec5'),('14e9cb05-e188-4e02-ab2c-8ef425e5ea64','49fcaedc-481a-4e05-934f-4867988c8ec5'),('18ff54e2-dc10-4e7f-bfdb-8a7591f7f009','49fcaedc-481a-4e05-934f-4867988c8ec5'),('19ae5055-f503-499d-a64f-2bf7d92eff5b','49fcaedc-481a-4e05-934f-4867988c8ec5'),('1ff1963c-7afa-470c-bc05-562b01549b09','49fcaedc-481a-4e05-934f-4867988c8ec5'),('279b355e-ff9a-4b85-8114-6db7ad2a4cd2','49fcaedc-481a-4e05-934f-4867988c8ec5'),('2b6e6650-5f69-426d-a084-71f7ad30d1f1','49fcaedc-481a-4e05-934f-4867988c8ec5'),('30e56424-c0f0-4e36-9523-f5e904bb3142','49fcaedc-481a-4e05-934f-4867988c8ec5'),('314b188e-990b-423e-ae63-f0199b8c2b17','49fcaedc-481a-4e05-934f-4867988c8ec5'),('328bd785-a91b-424c-afda-9e08e5155cfe','49fcaedc-481a-4e05-934f-4867988c8ec5'),('3290a4ef-4241-4fa5-843e-87926c74e384','49fcaedc-481a-4e05-934f-4867988c8ec5'),('32945f6e-5a96-4233-b8ae-048d51323d7b','49fcaedc-481a-4e05-934f-4867988c8ec5'),('3827c1d1-14d5-4643-a24b-3dca656192fa','49fcaedc-481a-4e05-934f-4867988c8ec5'),('38e38612-a626-47a9-a699-05efa178e155','49fcaedc-481a-4e05-934f-4867988c8ec5'),('38f1bc75-713e-4f09-b02f-d26a4c43ac63','49fcaedc-481a-4e05-934f-4867988c8ec5'),('3a60974c-0fd8-4b17-b18b-ca0fe58db88f','49fcaedc-481a-4e05-934f-4867988c8ec5'),('3c702a05-81f1-450e-b07f-386ae8a3b124','49fcaedc-481a-4e05-934f-4867988c8ec5'),('3c7eb6bc-a146-4186-bfbf-9de857286e68','49fcaedc-481a-4e05-934f-4867988c8ec5'),('3ebfaf23-cede-4cf0-964d-8afc17b11d02','49fcaedc-481a-4e05-934f-4867988c8ec5'),('4316efa3-0fb1-4aad-87c0-43ef8d3c0376','49fcaedc-481a-4e05-934f-4867988c8ec5'),('43803445-1874-4a3c-94e9-955fcb25089b','49fcaedc-481a-4e05-934f-4867988c8ec5'),('453b0b1c-6bf3-4e94-8265-082ef06ab85f','49fcaedc-481a-4e05-934f-4867988c8ec5'),('457ed182-b2f3-42cf-bcd7-67bfbad5d89c','49fcaedc-481a-4e05-934f-4867988c8ec5'),('4703b2d8-e417-4243-a6f3-044fc06f020e','49fcaedc-481a-4e05-934f-4867988c8ec5'),('478d6061-fc78-40c3-a1b2-0e906fb86da8','49fcaedc-481a-4e05-934f-4867988c8ec5'),('47b9ca37-915d-405d-861d-7dbf74559441','49fcaedc-481a-4e05-934f-4867988c8ec5'),('48a5d328-3905-4cb5-b634-ddce3f593390','49fcaedc-481a-4e05-934f-4867988c8ec5'),('4929d198-149e-437b-b4a1-3ae1ec0044c2'
