-- MySQL dump 10.13  Distrib 8.0.28, for Linux (x86_64)
--
-- Host: localhost    Database: hbnb_dev_db
-- ------------------------------------------------------
-- Server version	8.0.28-0ubuntu0.20.04.3

/*!40101 SET @OLD_CHARACTER_SET_CLIENT=@@CHARACTER_SET_CLIENT */;
/*!40101 SET @OLD_CHARACTER_SET_RESULTS=@@CHARACTER_SET_RESULTS */;
/*!40101 SET @OLD_COLLATION_CONNECTION=@@COLLATION_CONNECTION */;
/*!50503 SET NAMES utf8mb4 */;
/*!40103 SET @OLD_TIME_ZONE=@@TIME_ZONE */;
/*!40103 SET TIME_ZONE='+00:00' */;
/*!40014 SET @OLD_UNIQUE_CHECKS=@@UNIQUE_CHECKS, UNIQUE_CHECKS=0 */;
/*!40014 SET @OLD_FOREIGN_KEY_CHECKS=@@FOREIGN_KEY_CHECKS, FOREIGN_KEY_CHECKS=0 */;
/*!40101 SET @OLD_SQL_MODE=@@SQL_MODE, SQL_MODE='NO_AUTO_VALUE_ON_ZERO' */;
/*!40111 SET @OLD_SQL_NOTES=@@SQL_NOTES, SQL_NOTES=0 */;

-- Drop database
DROP DATABASE IF EXISTS hbnb_dev_db;

-- Create database + user if doesn't exist
CREATE DATABASE IF NOT EXISTS hbnb_dev_db;
CREATE USER IF NOT EXISTS 'hbnb_dev'@'localhost';
SET PASSWORD FOR 'hbnb_dev'@'localhost' = 'hbnb_dev_pwd';
GRANT ALL ON hbnb_dev_db.* TO 'hbnb_dev'@'localhost';
GRANT SELECT ON performance_schema.* TO 'hbnb_dev'@'localhost';
FLUSH PRIVILEGES;

USE hbnb_dev_db;
--
-- Table structure for table `amenities`
--

DROP TABLE IF EXISTS `amenities`;
/*!40101 SET @saved_cs_client     = @@character_set_client */;
/*!50503 SET character_set_client = utf8mb4 */;
CREATE TABLE `amenities` (
  `id` varchar(60) NOT NULL,
  `created_at` datetime NOT NULL,
  `updated_at` datetime NOT NULL,
  `name` varchar(128) NOT NULL,
  PRIMARY KEY (`id`)
) ENGINE=InnoDB DEFAULT CHARSET=utf8mb4 COLLATE=utf8mb4_0900_ai_ci;
/*!40101 SET character_set_client = @saved_cs_client */;

--
-- Dumping data for table `amenities`
--

LOCK TABLES `amenities` WRITE;
/*!40000 ALTER TABLE `amenities` DISABLE KEYS */;
INSERT INTO `amenities` VALUES ('821a55f4-7d82-47d9-b54c-a76916479551','2017-03-25 19:44:42','2017-03-25 19:44:42','Wifi'),('821a55f4-7d82-47d9-b54c-a76916479552','2017-03-25 19:44:42','2017-03-25 19:44:42','Pets friendly'),('821a55f4-7d82-47d9-b54c-a76916479553','2017-03-25 19:44:42','2017-03-25 19:44:42','Elevator in building'),('821a55f4-7d82-47d9-b54c-a76916479554','2017-03-25 19:44:42','2017-03-25 19:44:42','Doorman'),('821a55f4-7d82-47d9-b54c-a76916479555','2017-03-25 19:44:42','2017-03-25 19:44:42','Cable TV'),('821a55f4-7d82-47d9-b54c-a76916479556','2017-03-25 19:44:42','2017-03-25 19:44:42','Dryer'),('821a55f4-7d82-47d9-b54c-a76916479557','2017-03-25 19:44:42','2017-03-25 19:44:42','Hair dryer'),('821a55f4-7d82-47d9-b54c-a76916479558','2017-03-25 19:44:42','2017-03-25 19:44:42','Iron'),('821a55f4-7d82-47d9-b54c-a76916479559','2017-03-25 19:44:42','2017-03-25 19:44:42','Washer'),('821a55f4-7d82-47d9-b54c-a76916479560','2017-03-25 19:44:42','2017-03-25 19:44:42','Laundry room'),('821a55f4-7d82-47d9-b54c-a76916479561','2017-03-25 19:44:42','2017-03-25 19:44:42','Air conditioning'),('821a55f4-7d82-47d9-b54c-a76916479562','2017-03-25 19:44:42','2017-03-25 19:44:42','Hot tub'),('821a55f4-7d82-47d9-b54c-a76916479563','2017-03-25 19:44:42','2017-03-25 19:44:42','Smoking allowed');
/*!40000 ALTER TABLE `amenities` ENABLE KEYS */;
UNLOCK TABLES;

--
-- Table structure for table `cities`
--

DROP TABLE IF EXISTS `cities`;
/*!40101 SET @saved_cs_client     = @@character_set_client */;
/*!50503 SET character_set_client = utf8mb4 */;
CREATE TABLE `cities` (
  `id` varchar(60) NOT NULL,
  `created_at` datetime NOT NULL,
  `updated_at` datetime NOT NULL,
  `state_id` varchar(60) NOT NULL,
  `name` varchar(128) NOT NULL,
  PRIMARY KEY (`id`),
  KEY `state_id` (`state_id`),
  CONSTRAINT `cities_ibfk_1` FOREIGN KEY (`state_id`) REFERENCES `states` (`id`)
) ENGINE=InnoDB DEFAULT CHARSET=utf8mb4 COLLATE=utf8mb4_0900_ai_ci;
/*!40101 SET character_set_client = @saved_cs_client */;

--
-- Dumping data for table `cities`
--

LOCK TABLES `cities` WRITE;
/*!40000 ALTER TABLE `cities` DISABLE KEYS */;
INSERT INTO `cities` VALUES ('521a55f4-7d82-47d9-b54c-a76916479545','2017-03-25 19:44:42','2017-03-25 19:44:42','421a55f4-7d82-47d9-b54c-a76916479545', 'Akron'),('521a55f4-7d82-47d9-b54c-a76916479546','2017-03-25 19:44:42','2017-03-25 19:44:42','421a55f4-7d82-47d9-b54c-a76916479546','Douglas'),('521a55f4-7d82-47d9-b54c-a76916479547','2017-03-25 19:44:42','2017-03-25 19:44:42','421a55f4-7d82-47d9-b54c-a76916479547','San Francisco'),('521a55f4-7d82-47d9-b54c-a76916479548','2017-03-25 19:44:42','2017-03-25 19:44:42','421a55f4-7d82-47d9-b54c-a76916479548','Denver'),('521a55f4-7d82-47d9-b54c-a76916479549','2017-03-25 19:44:42','2017-03-25 19:44:42','421a55f4-7d82-47d9-b54c-a76916479549','Miami'),('521a55f4-7d82-47d9-b54c-a76916479551','2017-03-25 19:44:42','2017-03-25 19:44:42','421a55f4-7d82-47d9-b54c-a76916479551','Honolulu'),('521a55f4-7d82-47d9-b54c-a76916479552','2017-03-25 19:44:42','2017-03-25 19:44:42','421a55f4-7d82-47d9-b54c-a76916479552','Chicago'),('521a55f4-7d82-47d9-b54c-a76916479554','2017-03-25 19:44:42','2017-03-25 19:44:42','421a55f4-7d82-47d9-b54c-a76916479554','New Orleans'),('521a55f4-7d82-47d9-b54c-a76916479555','2017-03-25 19:44:42','2017-03-25 19:44:42','421a55f4-7d82-47d9-b54c-a76916479555','Saint Paul'),('521a55f4-7d82-47d9-b54c-a76916479556','2017-03-25 19:44:42','2017-03-25 19:44:42','421a55f4-7d82-47d9-b54c-a76916479556','Jackson'),('521a55f4-7d82-47d9-b54c-a76916479557','2017-03-25 19:44:42','2017-03-25 19:44:42','421a55f4-7d82-47d9-b54c-a76916479557','Portland'),('531a55f4-7d82-47d9-b54c-a76916479545','2017-03-25 19:44:42','2017-03-25 19:44:42','421a55f4-7d82-47d9-b54c-a76916479545','Babbie'),('531a55f4-7d82-47d9-b54c-a76916479546','2017-03-25 19:44:42','2017-03-25 19:44:42','421a55f4-7d82-47d9-b54c-a76916479546','Kearny'),('531a55f4-7d82-47d9-b54c-a76916479547','2017-03-25 19:44:42','2017-03-25 19:44:42','421a55f4-7d82-47d9-b54c-a76916479547','San Jose'),('531a55f4-7d82-47d9-b54c-a76916479549','2017-03-25 19:44:42','2017-03-25 19:44:42','421a55f4-7d82-47d9-b54c-a76916479549','Orlando'),('531a55f4-7d82-47d9-b54c-a76916479551','2017-03-25 19:44:42','2017-03-25 19:44:42','421a55f4-7d82-47d9-b54c-a76916479551','Kailua'),('531a55f4-7d82-47d9-b54c-a76916479552','2017-03-25 19:44:42','2017-03-25 19:44:42','421a55f4-7d82-47d9-b54c-a76916479552','Peoria'),('531a55f4-7d82-47d9-b54c-a76916479554','2017-03-25 19:44:42','2017-03-25 19:44:42','421a55f4-7d82-47d9-b54c-a76916479554','Baton rouge'),('531a55f4-7d82-47d9-b54c-a76916479556','2017-03-25 19:44:42','2017-03-25 19:44:42','421a55f4-7d82-47d9-b54c-a76916479556','Tupelo'),('531a55f4-7d82-47d9-b54c-a76916479557','2017-03-25 19:44:42','2017-03-25 19:44:42','421a55f4-7d82-47d9-b54c-a76916479557','Eugene'),('541a55f4-7d82-47d9-b54c-a76916479545','2017-03-25 19:44:42','2017-03-25 19:44:42','421a55f4-7d82-47d9-b54c-a76916479545','Calera'),('541a55f4-7d82-47d9-b54c-a76916479546','2017-03-25 19:44:42','2017-03-25 19:44:42','421a55f4-7d82-47d9-b54c-a76916479546','Tempe'),('541a55f4-7d82-47d9-b54c-a76916479547','2017-03-25 19:44:42','2017-03-25 19:44:42','421a55f4-7d82-47d9-b54c-a76916479547','Fremont'),('541a55f4-7d82-47d9-b54c-a76916479551','2017-03-25 19:44:42','2017-03-25 19:44:42','421a55f4-7d82-47d9-b54c-a76916479551','Pearl city'),('541a55f4-7d82-47d9-b54c-a76916479552','2017-03-25 19:44:42','2017-03-25 19:44:42','421a55f4-7d82-47d9-b54c-a76916479552','Naperville'),('541a55f4-7d82-47d9-b54c-a76916479554','2017-03-25 19:44:42','2017-03-25 19:44:42','421a55f4-7d82-47d9-b54c-a76916479554','Lafayette'),('541a55f4-7d82-47d9-b54c-a76916479556','2017-03-25 19:44:42','2017-03-25 19:44:42','421a55f4-7d82-47d9-b54c-a76916479556','Meridian'),('551a55f4-7d82-47d9-b54c-a76916479545','2017-03-25 19:44:42','2017-03-25 19:44:42','421a55f4-7d82-47d9-b54c-a76916479545','Fairfield'),('551a55f4-7d82-47d9-b54c-a76916479547','2017-03-25 19:44:42','2017-03-25 19:44:42','421a55f4-7d82-47d9-b54c-a76916479547','Napa'),('551a55f4-7d82-47d9-b54c-a76916479552','2017-03-25 19:44:42','2017-03-25 19:44:42','421a55f4-7d82-47d9-b54c-a76916479552','Urbana'),('561a55f4-7d82-47d9-b54c-a76916479547','2017-03-25 19:44:42','2017-03-25 19:44:42','421a55f4-7d82-47d9-b54c-a76916479547','Sonoma'),('561a55f4-7d82-47d9-b54c-a76916479552','2017-03-25 19:44:42','2017-03-25 19:44:42','421a55f4-7d82-47d9-b54c-a76916479552','Joliet');
/*!40000 ALTER TABLE `cities` ENABLE KEYS */;
UNLOCK TABLES;

--
-- Table structure for table `place_amenity`
--

DROP TABLE IF EXISTS `place_amenity`;
/*!40101 SET @saved_cs_client     = @@character_set_client */;
/*!50503 SET character_set_client = utf8mb4 */;
CREATE TABLE `place_amenity` (
  `place_id` varchar(60) NOT NULL,
  `amenity_id` varchar(60) NOT NULL,
  PRIMARY KEY (`place_id`,`amenity_id`),
  KEY `amenity_id` (`amenity_id`),
  CONSTRAINT `place_amenity_ibfk_1` FOREIGN KEY (`place_id`) REFERENCES `places` (`id`),
  CONSTRAINT `place_amenity_ibfk_2` FOREIGN KEY (`amenity_id`) REFERENCES `amenities` (`id`)
) ENGINE=InnoDB DEFAULT CHARSET=utf8mb4 COLLATE=utf8mb4_0900_ai_ci;
/*!40101 SET character_set_client = @saved_cs_client */;

--
-- Dumping data for table `place_amenity`
--

LOCK TABLES `place_amenity` WRITE;
/*!40000 ALTER TABLE `place_amenity` DISABLE KEYS */;
/*!40000 ALTER TABLE `place_amenity` ENABLE KEYS */;
UNLOCK TABLES;

--
-- Table structure for table `places`
--

DROP TABLE IF EXISTS `places`;
/*!40101 SET @saved_cs_client     = @@character_set_client */;
/*!50503 SET character_set_client = utf8mb4 */;
CREATE TABLE `places` (
  `id` varchar(60) NOT NULL,
  `created_at` datetime NOT NULL,
  `updated_at` datetime NOT NULL,
  `city_id` varchar(60) NOT NULL,
  `user_id` varchar(60) NOT NULL,
  `name` varchar(128) NOT NULL,
  `description` varchar(1024) DEFAULT NULL,
  `number_rooms` int NOT NULL,
  `number_bathrooms` int NOT NULL,
  `max_guest` int NOT NULL,
  `price_by_night` int NOT NULL,
  `latitude` float DEFAULT NULL,
  `longitude` float DEFAULT NULL,
  PRIMARY KEY (`id`),
  KEY `city_id` (`city_id`),
  KEY `user_id` (`user_id`),
  CONSTRAINT `places_ibfk_1` FOREIGN KEY (`city_id`) REFERENCES `cities` (`id`),
  CONSTRAINT `places_ibfk_2` FOREIGN KEY (`user_id`) REFERENCES `users` (`id`)
) ENGINE=InnoDB DEFAULT CHARSET=utf8mb4 COLLATE=utf8mb4_0900_ai_ci;
/*!40101 SET character_set_client = @saved_cs_client */;

--
-- Dumping data for table `places`
--

LOCK TABLES `places` WRITE;
/*!40000 ALTER TABLE `places` DISABLE KEYS */;
/*!40000 ALTER TABLE `places` ENABLE KEYS */;
UNLOCK TABLES;

--
-- Table structure for table `reviews`
--

DROP TABLE IF EXISTS `reviews`;
/*!40101 SET @saved_cs_client     = @@character_set_client */;
/*!50503 SET character_set_client = utf8mb4 */;
CREATE TABLE `reviews` (
  `id` varchar(60) NOT NULL,
  `created_at` datetime NOT NULL,
  `updated_at` datetime NOT NULL,
  `text` varchar(1024) NOT NULL,
  `place_id` varchar(60) NOT NULL,
  `user_id` varchar(60) NOT NULL,
  PRIMARY KEY (`id`),
  KEY `place_id` (`place_id`),
  KEY `user_id` (`user_id`),
  CONSTRAINT `reviews_ibfk_1` FOREIGN KEY (`place_id`) REFERENCES `places` (`id`),
  CONSTRAINT `reviews_ibfk_2` FOREIGN KEY (`user_id`) REFERENCES `users` (`id`)
) ENGINE=InnoDB DEFAULT CHARSET=utf8mb4 COLLATE=utf8mb4_0900_ai_ci;
/*!40101 SET character_set_client = @saved_cs_client */;

--
-- Dumping data for table `reviews`
--

LOCK TABLES `reviews` WRITE;
/*!40000 ALTER TABLE `reviews` DISABLE KEYS */;
/*!40000 ALTER TABLE `reviews` ENABLE KEYS */;
UNLOCK TABLES;

--
-- Table structure for table `states`
--

DROP TABLE IF EXISTS `states`;
/*!40101 SET @saved_cs_client     = @@character_set_client */;
/*!50503 SET character_set_client = utf8mb4 */;
CREATE TABLE `states` (
  `id` varchar(60) NOT NULL,
  `created_at` datetime NOT NULL,
  `updated_at` datetime NOT NULL,
  `name` varchar(128) NOT NULL,
  PRIMARY KEY (`id`)
) ENGINE=InnoDB DEFAULT CHARSET=utf8mb4 COLLATE=utf8mb4_0900_ai_ci;
/*!40101 SET character_set_client = @saved_cs_client */;

--
-- Dumping data for table `states`
--

LOCK TABLES `states` WRITE;
/*!40000 ALTER TABLE `states` DISABLE KEYS */;
INSERT INTO `states` VALUES ('421a55f4-7d82-47d9-b54c-a76916479545','2017-03-25 19:44:42','2017-03-25 19:44:42','Alabama'),('421a55f4-7d82-47d9-b54c-a76916479546','2017-03-25 19:44:42','2017-03-25 19:44:42','Arizona'),('421a55f4-7d82-47d9-b54c-a76916479547','2017-03-25 19:44:42','2017-03-25 19:44:42','California'),('421a55f4-7d82-47d9-b54c-a76916479548','2017-03-25 19:44:42','2017-03-25 19:44:42','Colorado'),('421a55f4-7d82-47d9-b54c-a76916479549','2017-03-25 19:44:42','2017-03-25 19:44:42','Florida'),('421a55f4-7d82-47d9-b54c-a76916479550','2017-03-25 19:44:42','2017-03-25 19:44:42','Georgia'),('421a55f4-7d82-47d9-b54c-a76916479551','2017-03-25 19:44:42','2017-03-25 19:44:42','Hawaii'),('421a55f4-7d82-47d9-b54c-a76916479552','2017-03-25 19:44:42','2017-03-25 19:44:42','Illinois'),('421a55f4-7d82-47d9-b54c-a76916479553','2017-03-25 19:44:42','2017-03-25 19:44:42','Indiana'),('421a55f4-7d82-47d9-b54c-a76916479554','2017-03-25 19:44:42','2017-03-25 19:44:42','Louisiana'),('421a55f4-7d82-47d9-b54c-a76916479555','2017-03-25 19:44:42','2017-03-25 19:44:42','Minnesota'),('421a55f4-7d82-47d9-b54c-a76916479556','2017-03-25 19:44:42','2017-03-25 19:44:42','Mississippi'),('421a55f4-7d82-47d9-b54c-a76916479557','2017-03-25 19:44:42','2017-03-25 19:44:42','Oregon');
/*!40000 ALTER TABLE `states` ENABLE KEYS */;
UNLOCK TABLES;

--
-- Table structure for table `users`
--

DROP TABLE IF EXISTS `users`;
/*!40101 SET @saved_cs_client     = @@character_set_client */;
/*!50503 SET character_set_client = utf8mb4 */;
CREATE TABLE `users` (
  `id` varchar(60) NOT NULL,
  `created_at` datetime NOT NULL,
  `updated_at` datetime NOT NULL,
  `email` varchar(128) NOT NULL,
  `password` varchar(128) NOT NULL,
  `first_name` varchar(128) DEFAULT NULL,
  `last_name` varchar(128) DEFAULT NULL,
  PRIMARY KEY (`id`)
) ENGINE=InnoDB DEFAULT CHARSET=utf8mb4 COLLATE=utf8mb4_0900_ai_ci;
/*!40101 SET character_set_client = @saved_cs_client */;

--
-- Dumping data for table `users`
--

LOCK TABLES `users` WRITE;
/*!40000 ALTER TABLE `users` DISABLE KEYS */;
/*!40000 ALTER TABLE `users` ENABLE KEYS */;
UNLOCK TABLES;
/*!40103 SET TIME_ZONE=@OLD_TIME_ZONE */;

/*!40101 SET SQL_MODE=@OLD_SQL_MODE */;
/*!40014 SET FOREIGN_KEY_CHECKS=@OLD_FOREIGN_KEY_CHECKS */;
/*!40014 SET UNIQUE_CHECKS=@OLD_UNIQUE_CHECKS */;
/*!40101 SET CHARACTER_SET_CLIENT=@OLD_CHARACTER_SET_CLIENT */;
/*!40101 SET CHARACTER_SET_RESULTS=@OLD_CHARACTER_SET_RESULTS */;
/*!40101 SET COLLATION_CONNECTION=@OLD_COLLATION_CONNECTION */;
/*!40111 SET SQL_NOTES=@OLD_SQL_NOTES */;

-- Dump completed on 2022-05-23 17:16:25
